log4j;slf4j;true
commons-logging;slf4j;true
commons-httpclient;httpclient;true
commons-httpclient;httpcore;true
junit;testng;true
commons-logging;log4j;true
testng;junit;true
log4j;commons-logging;true
junit;httpcore;false
junit;httpclient;false
commons-logging;commons-lang;false
xmlParserAPIs;junit;false
jmock;mockito;true
log4j;logback;true
junit;commons-io;false
org.json;json-lib;true
org.json;gson;true
commons-logging;spring;false
commons-lang;slf4j;false
junit;log4j;false
commons-lang;junit;false
jboss;solder;false
jgoodies;swingx;true
velocity;freemarker;true
xmlParserAPIs;mockito;false
easymock;mockito;true
commons-lang;guava;true
junit;gson;false
junit;org.eclipse.swt;false
log4j;mockito;false
xmlParserAPIs;commons-io;false
commons-httpclient;commons-io;false
xmlParserAPIs;commons-lang;false
mysql-connector-java;xmlParserAPIs;false
jdom;xmlParserAPIs;true
org.json;junit;false
commons-io;junit;false
json-simple;junit;false
commons-cli;jcommander;true
apache-mina;netty;true
testng;solder;false
org.json;freemarker;false
bcel;asm;true
jetty-mortbay;xalan;false
bouncycastle;lucene;false
slf4j;jboss;false
spring;guice;false
jmock;commons-cli;false
gson;org.json;true
commons-httpclient;org.eclipse.jdt.core;false
commons-httpclient;httpmime;false
gson;jackson;true
postgresql;mysql-connector-java;true
xerces;ant;false
jetty-mortbay;hamcrest;false
xmlParserAPIs;selenium;false
xmlParserAPIs;swingx;false
xmlParserAPIs;commons-codec;false
mysql-connector-java;hibernate;false
commons-lang;mockito;false
mysql-connector-java;guava;false
junit;heroku-api;false
junit;jedis;false
junit;org.eclipse.jgit;false
junit;commons-codec;false
junit;commons-pool;false
junit;jsch;false
commons-logging;mockito;false
log4j;jboss;false
commons-logging;joda-time;false
commons-logging;jpf;false
commons-logging;hibernate;false
commons-logging;groovy;false
hsqldb;commons-io;false
commons-fileupload;commons-io;false
commons-lang;commons-io;false
junit;slf4j;false
mysql-connector-java;slf4j;false
hsqldb;slf4j;false
xstream;log4j;false
slf4j;log4j;true
spring;log4j;false
commons-httpclient;commons-lang;false
pdfbox;xmlParserAPIs;false
junit;xmlParserAPIs;false
jgoodies;xmlParserAPIs;false
commons-logging;junit;false
log4j;junit;false
ant;junit;false
mysql-connector-java;junit;false
commons-codec;junit;false
winp;staxmapper;false
lwjgl;slick;true
winp;gwt-log;false
tritonus_share;fuse;false
tritonus_share;timingframework;false
protobuf-java;hawtbuf;true
ddlutils;datecalc;false
dozer;commons-el;false
jorbis;fuse;false
scannotation;reflections;true
tritonus_share;jpf;false
jorbis;jpf;false
webwork;xwork-core;false
jorbis;timingframework;false
wss4j;gwt-log;false
icefaces;openjpa;false
webwork;struts2;false
wss4j;staxmapper;false
xSocket;bsf;false
oscache;spymemcached;false
jchardet;jcifs;false
cxf;gwt-log;false
colt;collections-generic;true
cxf;staxmapper;false
swing-worker;collections-generic;false
javassist;xpp3;false
pdfbox;apache-tika;false
aopalliance;datecalc;false
serializer;htmlparser;false
aopalliance;cglib;false
colt;miglayout;false
colt;opencsv;false
swing-worker;opencsv;false
swing-worker;miglayout;true
jnpserver;shrinkwrap;false
wss4j;shrinkwrap;false
jgoodies;timingframework;true
cxf;shrinkwrap;false
jgoodies;jpf;false
jgoodies;fuse;false
poi;apache-tika;false
sip-servlets;shrinkwrap;false
concurrent;dbunit;false
ddlutils;commons-math;false
asm;args4j;false
aopalliance;commons-math;false
jline;commons-exec;false
jline;snakeyaml;false
sip-servlets;selenium;false
jnpserver;selenium;false
wss4j;selenium;false
cxf;selenium;false
jackson;poi;false
swing-worker;itext;false
ddlutils;commons-pool;false
colt;itext;false
aopalliance;commons-pool;false
jchardet;jsch;false
swing-worker;json-lib;false
plugin;json-lib;false
gwt-log;netty;false
dom4j;netty;false
android;javassist;false
jorbis;swingx;false
hsqldb;org.restlet;false
xpp3;bouncycastle;false
tritonus_share;swingx;false
jboss;shrinkwrap;false
hsqldb;dwr;false
jchardet;icu4j;true
poi;freemarker;false
apache-myfaces;jmock;false
easymock;jmock;true
jruby;js;false
concurrent;backport-util-concurrent;true
jdom;jpf;false
jdom;TableLayout;false
jackson;antlr;false
sqlite-jdbc;antlr;false
json-simple;commons-dbcp;false
oscache;ehcache;true
ddlutils;ehcache;false
aopalliance;ehcache;false
spring;cglib;false
org.eclipse.swt;asm;false
cglib;asm;true
org.json;js;false
jmock;easymock;true
jacorb;osgi;false
commons-codec;jython;false
apache-myfaces;velocity;false
org.json;velocity;false
hibernate;cglib;false
hibernate;dwr;false
backport-util-concurrent;aspectjweaver;false
hibernate;struts;false
aspectjweaver;lucene;false
aopalliance;lucene;false
slf4j;xerces;false
avalon;xerces;false
spring;xstream;false
slf4j;easymock;false
sqlite-jdbc;h2;true
slf4j;infinispan;false
commons-beanutils;commons-fileupload;false
jackson;commons-fileupload;false
mysql-connector-java;postgresql;true
commons-io;jython;false
hsqldb;derby;true
commons-io;amqp-client;false
jetty-mortbay;guice;false
xstream;maven;false
dom4j;jdom;true
spring;commons-cli;false
commons-fileupload;org.json;false
easymock;testng;false
jdom;hsqldb;false
mysql-connector-java;hsqldb;true
commons-httpclient;htmlparser;false
commons-httpclient;commons-cli;false
commons-httpclient;appengine;false
commons-httpclient;winp;false
ant;gson;false
aspectjweaver;jackson;false
jcouchdb;jackson;false
josql;jackson;false
dwr;jackson;false
args4j;commons-beanutils;false
spring;commons-beanutils;false
commons-lang;gson;false
commons-lang;appengine;false
commons-lang;json-lib;false
commons-collections;ant;false
xstream;ant;false
dom4j;ant;false
jdom;ant;false
asm;ant;false
xpp3;ant;false
commons-lang;hamcrest;false
slf4j;hamcrest;false
jmock;hamcrest;true
svnkit;jetty-mortbay;false
xmlParserAPIs;swing-worker;false
xmlParserAPIs;timingframework;false
xmlParserAPIs;osgi;false
xmlParserAPIs;velocity;false
xmlParserAPIs;gson;false
xmlParserAPIs;maven;false
xmlParserAPIs;fuse;false
xmlParserAPIs;xom;true
xmlParserAPIs;jpf;false
xmlParserAPIs;staxmapper;false
xmlParserAPIs;shrinkwrap;false
xmlParserAPIs;gwt-log;false
mockito;spring;false
icu4j;spring;false
org.eclipse.swt;spring;false
josql;spring;false
gson;commons-codec;false
apache-myfaces;commons-codec;false
xstream;commons-codec;false
jetty-mortbay;commons-codec;false
hibernate;commons-codec;false
hsqldb;hibernate;false
commons-lang;hibernate;false
jdom;hibernate;false
commons-collections;hibernate;false
yuicompressor;hibernate;false
xmlParserAPIs;hibernate;false
jnpserver;mockito;false
derby;mockito;false
icefaces;mockito;false
slf4j;mockito;false
sip-servlets;mockito;false
spring;mockito;false
commons-pool;mockito;false
wss4j;mockito;false
commons-beanutils;mockito;false
appengine;mockito;false
cxf;mockito;false
testng;httpcore;false
jetty-mortbay;httpcore;false
ant;httpcore;false
org.eclipse.jdt.core;guava;false
ddlutils;guava;false
aopalliance;guava;false
pcj;guava;true
testng;guava;false
collections-generic;guava;true
commons-httpclient;guava;false
junit;guava;false
junit;bouncycastle;false
junit;xstream;false
junit;org.eclipse.jface;false
junit;org.json;false
junit;osgi;false
junit;snakeyaml;false
junit;jsoup;false
junit;httpmime;false
commons-logging;commons-httpclient;false
commons-logging;aspectjweaver;false
log4j;mogwee;false
log4j;asm;false
log4j;commons-codec;false
log4j;spring;false
commons-logging;hsqldb;false
commons-logging;commons-codec;false
log4j;h2;false
log4j;maven;false
commons-logging;appengine;false
log4j;ant;false
commons-logging;swingx;false
commons-logging;easymock;false
commons-logging;guava;false
commons-logging;fuse;false
commons-logging;timingframework;false
jetty-mortbay;httpclient;false
ant;httpclient;false
testng;httpclient;false
activemq-ra;commons-logging;false
derby;commons-logging;false
avalon;commons-logging;false
commons-beanutils;commons-io;false
easymock;commons-io;false
commons-collections;commons-io;false
commons-codec;commons-io;false
jaxen;commons-io;false
oro;commons-io;false
commons-dbcp;commons-io;false
testng;commons-io;false
backport-util-concurrent;commons-io;false
guava;slf4j;false
commons-httpclient;slf4j;false
org.json;slf4j;false
seam;slf4j;false
commons-beanutils;slf4j;false
backport-util-concurrent;slf4j;false
jetty-mortbay;slf4j;false
richfaces;slf4j;false
xmlParserAPIs;slf4j;false
commons-beanutils;log4j;false
easymock;log4j;false
guava;log4j;false
commons-dbcp;log4j;false
quartz;log4j;false
slf4j;commons-lang;false
activemq-ra;commons-lang;false
spring;commons-lang;false
tritonus_share;commons-lang;false
jorbis;commons-lang;false
dozer;commons-lang;false
josql;commons-lang;false
groovy;commons-lang;false
mysql-connector-java;commons-lang;false
jetty-mortbay;commons-lang;false
jacorb;commons-lang;false
jgoodies;commons-lang;false
hadoop;commons-lang;false
commons-io;xmlParserAPIs;false
ant;xmlParserAPIs;false
commons-configuration;xmlParserAPIs;false
commons-logging;xmlParserAPIs;false
dom4j;xmlParserAPIs;true
apache-mina;xmlParserAPIs;false
guava;xmlParserAPIs;false
jdom;junit;false
owlapi;junit;false
json-lib;junit;false
scannotation;junit;false
slf4j;junit;false
commons-httpclient;junit;false
xstream;junit;false
android;junit;false
jboss;junit;false
spring;junit;false
org.eclipse.swt;junit;false
hsqldb;junit;false
com.noelios.restlet;org.wikimodel.wem;false
geronimo;inflector;false
neo4j;blueprints;false
commons;initiator;false
javaruntype;gentyref;true
querydsl;wro4j;false
aether-connector;http-client-experimental;false
guava-testlib;experimental;false
odfdom-java;xdocreport;true
tapestry;gxt;false
xdoclet;javacc;false
jasperreports;josql;false
dnsjava;luna-dummy;false
ch-sevenzip;xz;false
jbullet;nifty;false
fastutil;stanford-corenlp;false
timingframework;trident;false
nailgun;hk2;false
archetype-common;jetty-client;false
jbullet;jME3-jbullet;true
nailgun;tiger-types;false
jemmy;jinterface;false
stanford-corenlp;opennlp;false
pig;mx4j;false
weka;maxent;false
cucumber;mule;false
glassfish;jmeter;false
hbase;asynchbase;false
piccolo2d;json-path;false
stringtemplate;lambdaj;false
openejb;inflector;false
solder;deltaspike;true
stanford-corenlp;lucene-snowball;false
jogl.all;eventbus;false
morphia;reflectasm;false
pig;jug;false
eclipselink;equalsverifier;false
apache-tika;ezmorph;false
swing-layout;java-getopt;false
pluto;shared-ldif;false
ajax4jsf;org.wikimodel.wem;false
hbase;async;true
akka-actor;morphia;false
jogl.all;slick;false
lwjgl;eventbus;false
libthrift;hector;false
shared-cursor;shared-i18n;false
zweb;lambdaj;false
martyr;eventbus;false
pcj;caliper;false
urlrewrite;isorelax;true
roboguice;android-directionalviewpager;false
akka-actor;joda-money;false
hbase;hadoop-hive;false
axis2;castor;false
akka-actor;apache-karaf;false
urlrewrite;relaxngDatatype;false
jaxme;greenmail;false
gunit;scannotation;false
jxl;xsd;false
httpasyncclient;greenmail;false
bndlib;commons-discovery;false
kahadb;vaadin;false
jakarta-regexp;jlayer;false
javolution;jbullet;false
jcifs;javacc;false
sitemesh;lambdaj;false
ical4j;TableLayout;false
resin;lambdaj;false
commons-jexl;jdbm;false
picocontainer;iogi;false
amqp-client;elasticsearch;false
je;ch-sevenzip;false
webmacro;jlayer;false
jbullet;jinput;false
rxtx;lambdaj;false
amqp-client;disruptor;true
solr;juniversalchardet;false
nailgun;requestfactory;false
stringtemplate;colt;false
jcommander;jinput;false
je;perf4j;false
apacheds;org.wikimodel.wem;false
classworlds;insight;false
pircbot;TableLayout;false
javolution;esapi;false
lwjgl;jinput;false
solr;jchardet;false
abdera;ezmorph;false
commons-net;jlayer;false
lite;liquibase;false
pcj;mahout;true
opencsv;org.wikimodel.wem;false
mvel2;clojure;false
struts2;aether-connector;false
mockobjects;jwebunit;false
xmlrpc;aether-connector;false
rxtx;zweb;false
jxlayer;sanselan;false
ognl;aether-connector;false
swing-layout;jgrapht;false
httpasyncclient;xml-resolver;false
commons-vfs;juniversalchardet;false
Permissions;bukkit-permissions;false
archetype-common;cometd;false
xwork-core;aether-connector;false
jsyntaxpane;jide-oss;true
urlrewrite;xml-resolver;false
jcifs;xml-resolver;false
jaxme;xml-resolver;false
richfaces;org.wikimodel.wem;false
nekohtml;metadata-extractor;false
openjpa;metadata-extractor;false
eclipselink;dnsjava;false
opencsv;equalsverifier;false
wicket;tapestry;false
standard;aether-connector;false
idb;tapestry;false
xdoclet;xml-resolver;false
pluto;apache-myfaces;false
mckoi;tapestry;false
async-http-client;aether-connector;false
filters;sanselan;false
swing-layout;jide-oss;false
Permissions;PermissionsEx;false
svnkit;liquibase;false
cglib;objenesis;false
jcifs;jgss;false
jorbis;jinput;false
xom;json-path;false
kahadb;hazelcast;false
reflections;juli;false
gunit;rsyntaxtextarea;false
shared-ldap;apacheds;false
pax;http-client-experimental;false
commons-digester;jgss;false
httpasyncclient;shared-ldap;false
jxlayer;jpf;false
colt;clojure;false
scannotation;bval;false
swing-layout;rsyntaxtextarea;false
webwork;jxl;false
pax;tinybundles;true
jorbis;jbullet;false
scannotation;classmate;false
TableLayout;rsyntaxtextarea;false
jaxme;shared-ldap;false
jasper;juli;false
jnpserver;oauth;false
shared-i18n;jgss;false
scannotation;javarebel-sdk;false
AppleJavaExtensions;izpack-standalone-compiler;false
scala;colt;false
shared-ldap;org.wikimodel.wem;false
oscache;jxl;false
je;db4o;false
commons-el;juli;false
shared-ldif;jgss;false
colt;hppc;true
jmockit;hazelcast;false
martyr;jpf;false
pluto;shared-ldap;false
stringtemplate;mvel2;false
filters;jpf;false
gmbal-api-only;bndlib;false
nailgun;glassfish;false
AppleJavaExtensions;slick;false
pax;bndlib;false
httpunit;icefaces;false
xbean;shared-ldap;false
pluto;apacheds;false
webwork;stripes;true
xdoclet;jgss;false
htmlcompressor;jopt-simple;false
xmlunit;glassfish;false
jorbis;colt;false
mockobjects;jansi;false
AppleJavaExtensions;eventbus;false
jamon;mvel2;false
httpunit;jwebunit;true
Permissions;minecraft-server;false
shared-dsml-parser;apacheds;false
apache-mina;cal10n-api;false
shared-asn1;apacheds;false
shared-i18n;apacheds;false
scala;mvel2;false
substance;flyway;false
xmlbeans;xmltooling;false
minecraft-server;Permissions;false
appengine;jts;false
xpp3;shared-dsml-parser;false
dwr;struts2;false
minecraft-server;reflectasm;false
smack;android-directionalviewpager;false
appengine;objectify;false
jxl;struts2;false
selenium;flyway;false
appframework;jpf;false
stringtemplate;jung;false
mongo-java-driver;jung;false
lambdaj;sitemesh;false
freemarker;tapestry;false
commons-validator;sitemesh;false
org.restlet;jts;false
javolution;jung;false
ehcache;fitnesse;false
dumbster;subethasmtp;false
scala;jung;false
minecraft-server;PermissionsEx;false
richfaces;jackrabbit;false
scale7-core;powermock;false
xpp3;acra;false
http-builder;signpost;false
args4j;lambdaj;false
org.restlet;tapestry;false
org.restlet;org.wikimodel.wem;false
slide-webdavlib;jackrabbit;false
xmlbeans;jibx;true
ehcache;struts2;false
appframework;sanselan;false
ehcache;kahadb;false
webwork;xmlrpc;false
seam;jackrabbit;false
ognl;subethasmtp;false
jettison;commons-el;false
bcel;oscache;false
activemq-ra;hazelcast;false
scannotation;yuicompressor;false
commons-email;high-scale-lib;false
jruby;gstreamer-java;false
quartz;org.wikimodel.wem;false
appframework;swing-layout;false
commons-betwixt;commons-digester;false
hadoop;asynchbase;false
plugin;imgscalr-lib;false
javolution;unitils;false
hadoop;webbit;false
db4o;je;false
db4o;wrapper;false
activemq-ra;jgss;false
jfreechart;lambdaj;false
jcifs;bsf;false
jcommon;lambdaj;false
dbunit;openjpa;false
dbunit;flatpack;false
hadoop;perf4j;false
quartz;shared-cursor;false
quartz;yuicompressor;false
activemq-ra;vaadin;false
jxlayer;swing-layout;false
dbunit;hbase;false
commons-email;icefaces;false
activemq-ra;yuicompressor;false
quartz;json-path;false
reflections;unitils;false
xdoclet;bsf;false
hadoop;async;true
bcel;openejb;false
filters;swing-layout;false
quartz;synthetica;false
commons-digester;yuicompressor;false
bcel;geronimo;false
zookeeper;jug;false
org.eclipse;jettison;false
jaxen;greenmail;false
struts;jpf;false
itext;geronimo;false
jcouchdb;play;false
struts;geronimo;false
concurrent;jung;false
stringtemplate;collections-generic;false
itext;lambdaj;false
mongo-java-driver;collections-generic;false
concurrent;jarjar;false
jaxen;shared-ldap;false
avalon;jgss;false
struts;oscache;false
jettison;saxon;false
jericho-html;jcifs;false
hadoop;spymemcached;false
scala;collections-generic;false
svnkit;jasper;false
itext;subethasmtp;false
struts;xwork-core;false
zookeeper;mx4j;false
clhm-production;concurrentlinkedhashmap-lru;false
avalon;javacc;false
tritonus_share;jaudiotagger;true
je;spymemcached;false
concurrent;jwebunit;false
jaxen;xml-resolver;false
avalon;bsf;false
jericho-html;jaudiotagger;false
xmlunit;saxon;false
concurrent;janino;false
avalon;xml-resolver;false
urlrewrite;saxon;false
struts;openejb;false
itext;oscache;false
jaxen;lombok;false
javolution;jettison;false
itext;openejb;false
struts;struts2;false
bsh;javolution;false
jcommon;openide-lookup;false
org.eclipse.jface;junit-addons;false
opencsv;infinispan;false
acegi-security;httpunit;false
xmlrpc;fest;false
smack;lwjgl;false
ognl;fest;false
signpost;xpp3;false
openjpa;apache-tika;false
org.eclipse.jdt.core;ecore;false
jgroups;jmockit;false
jsyntaxpane;xom;false
osgi;junit-addons;false
xwork-core;fest;false
struts2;fest;false
bsh;weld;false
serializer;httpunit;false
phys2d;lwjgl;true
bukkit;trove4j;false
junit-addons;xom;false
fop;jtds;false
saxon;jtds;false
org.eclipse.jdt.core;jasper;false
scannotation;xom;false
stanford-corenlp;jena-core;false
sqlite-jdbc;sqljet;true
standard;fest;false
commons-net;xpp3;false
org.eclipse;junit-addons;false
scannotation;bson;false
smackx;lwjgl;false
juli;bson;false
bval;bson;false
serializer;junit-addons;false
odfdom-java;apache-tika;false
twitter4j;xpp3;false
org.eclipse.jdt.core;jxl;false
org.eclipse.jdt.core;cargo;false
sqlite-jdbc;bson;false
ch-sevenzip;lwjgl;false
jettison;eclipselink;false
swing-layout;fest;false
oro;saxon;false
standard;jsoup;false
axis;eclipselink;false
oro;AppleJavaExtensions;false
geronimo;AppleJavaExtensions;false
struts2;jsoup;false
oro;inflector;false
commons-net;c3p0;false
jclouds;aws-java-sdk;false
eclipselink;arquillian;false
guava-testlib;aws-java-sdk;false
htmlcompressor;c3p0;false
xmlrpc;jsoup;false
yuicompressor;c3p0;false
dwr;jcip-annotations;false
ognl;jsoup;false
org.apache.servicemix.specs.saaj-api;zookeeper;false
puretls;concurrent;false
oro;struts2;false
swingx;jcip-annotations;false
stringtemplate;jsoup;false
logkit;avalon;true
jmeter;jcip-annotations;false
xwork-core;jsoup;false
opencsv;arquillian;false
sitemesh;jsoup;false
openejb;AppleJavaExtensions;false
jmockit;concurrent;false
org.eclipse.swt;junit-addons;false
swing-layout;substance;false
dbunit;c3p0;false
blazeds;acegi-security;false
synthetica;substance;true
akka-actor;apache-felix;false
shared-i18n;apache-felix;false
akka-actor;amqp-client;false
swingx;cglib;false
aopalliance;blazeds;false
jwebunit;htmlparser;false
javolution;commons-validator;false
dbunit;struts;false
shared-ldif;apache-felix;false
heroku-api;amqp-client;false
aopalliance;struts2;false
jericho-html;htmlparser;false
base64;twitter4j;false
pluto;solr;false
solr;pdfbox;false
classworlds;org.eclipse.jgit;false
tomahawk;gdata;false
jedis;amqp-client;false
asm;AppleJavaExtensions;false
org.eclipse.jgit;amqp-client;false
nekohtml;htmlparser;true
asm;inflector;false
asm;markdownj;false
json-simple;jettison;true
activemq-ra;apache-felix;false
snakeyaml;jzlib;false
substance;struts;false
dbunit;apache-felix;false
joda-time;bson;false
jbossjts;resteasy;false
groovy;jedis;false
groovy;xml-resolver;false
lwjgl;protobuf-java;false
je;htmlunit;false
js;akka-actor;false
colt;jgroups;false
groovy;shared-ldap;false
groovy;greenmail;false
scale7-core;jcommander;false
scale7-core;opencsv;false
mockobjects;htmlunit;false
groovy;apache-camel;false
groovy;akka-actor;false
jython;resteasy;false
js;maven-webdav;false
jsch;lambdaj;false
groovy;clojure;false
groovy;flexjson;false
wro4j;jcommander;false
plexus;jcommander;false
js;aether-connector;false
swing-layout;miglayout;true
abdera;htmlunit;false
groovy;maven-webdav;false
classworlds;resteasy;false
jsch;liquibase;false
jsch;amqp-client;false
joda-time;commons-email;false
jsch;j2ssh;true
mvel2;opencsv;false
groovy;aether-connector;false
jcommander;protobuf-java;false
concurrent;htmlunit;false
j2ssh;appengine;false
richfaces;appengine;false
poi;jtds;false
freemarker;org.restlet;false
ajax4jsf;appengine;false
jsch;appengine;false
jgoodies;cglib;false
jide-oss;scala;false
AppleJavaExtensions;scala;false
opencsv;shrinkwrap;false
openide-lookup;abdera;false
cglib;org.restlet;false
eclipselink;shrinkwrap;false
appengine;org.restlet;false
smack;applejavaextensions;false
javolution;stringtemplate;false
velocity;junit-addons;false
velocity;tapestry;false
json-lib;jxl;false
org.eclipse;org.restlet;false
je;org.restlet;false
swingx;scala;false
aopalliance;org.restlet;false
commons-pool;collections-generic;false
mockito;scribe;false
db4o;scala;false
org.eclipse.jdt.core;commons-exec;false
json-lib;signpost;false
mongo-java-driver;scala;false
commons-pool;javolution;false
poi;seam;false
cucumber;scala;false
commons-pool;tdb;false
commons-pool;AppleJavaExtensions;false
commons-pool;shared-i18n;false
json-lib;subethasmtp;false
jfreechart;applejavaextensions;false
commons-pool;amqp-client;false
commons-pool;inflector;false
groovy;scala;false
colt;applejavaextensions;false
smackx;applejavaextensions;false
itext;jasperreports;true
applejavaextensions;jasperreports;false
poi;icefaces;false
htmlunit;applejavaextensions;false
js;scala;false
poi;hadoop-hive;false
commons-pool;eclipselink;false
poi;struts2;false
hadoop;org.restlet;false
h2;je;false
poi;AppleJavaExtensions;false
gf-embedded-api;abdera;false
commons-configuration;stringtemplate;false
commons-configuration;balloontip;false
commons-configuration;solr;false
guice;org.restlet;false
guice;aws-java-sdk;false
commons-configuration;ini4j;true
commons-configuration;struts2;false
guice;tapestry;false
xom;xmlbeans;false
commons-configuration;swing-worker;false
maven;http-client-experimental;false
commons-fileupload;json-rpc;false
scannotation;logback;false
xalan;apache-tika;false
commons-net;logback;false
pircbot;logback;false
maven;cometd;false
xalan;jsoup;false
commons-fileupload;struts2;false
xalan;jcifs;false
timingframework;logback;false
xalan;sshj;false
maven;jetty-client;false
commons-fileupload;org.wikimodel.wem;false
maven;hawtbuf;false
maven;jcommander;false
xalan;saxon;true
aspectjweaver;apache-camel;false
aspectjweaver;struts2;false
aspectjweaver;blazeds;false
commons-fileupload;icefaces;false
antlr;appengine;false
httpunit;dbunit;false
antlr;shrinkwrap;false
xom;xmlunit;false
js;commons-compress;false
je;commons-compress;false
richfaces;xmlunit;false
standard;commons-compress;false
commons-configuration;activemq-ra;false
xwork-core;commons-compress;false
js;pax;false
tomcat;c3p0;false
antlr;arquillian;false
cucumber;dbunit;false
tomcat;bson;false
tomcat;commons-email;false
struts2;commons-compress;false
groovy;commons-compress;false
db4o;org.eclipse;false
commons-jelly;org.eclipse;false
tomcat;struts2;false
antlr;jaxen;false
antlr;commons-validator;false
eclipselink;dbunit;false
hazelcast;activemq-ra;false
struts2;pax;false
opencsv;dbunit;false
reflections;dbunit;false
xmlrpc;commons-compress;false
antlr;IntelliJIdea;false
icu4j;commons-compress;false
groovy;pax;false
javassist;org.eclipse;false
concurrent;activemq-ra;false
tomcat;openjpa;false
c3p0;commons-compress;false
ognl;commons-compress;false
antlr;sip-servlets;false
tomcat;subethasmtp;false
standard;pax;false
hazelcast;dbunit;false
xmlrpc;pax;false
tomcat;flatpack;false
async-http-client;pax;false
bcel;pax;false
ognl;pax;false
axis;httpmime;false
xwork-core;pax;false
idb;commons-math;false
js;cxf;false
commons-math;args4j;false
concurrent;args4j;false
osgi;cxf;false
appframework;commons-configuration;false
zweb;commons-math;false
jaxen;smack;false
bouncycastle;base64;true
jfreechart;commons-math;false
akka-actor;args4j;false
jnpserver;quartz;false
groovy;smack;false
httpasyncclient;smack;false
js;commons-configuration;false
itext;commons-math;false
wss4j;cxf;false
jcommon;quartz;false
mx4j;quartz;false
yuicompressor;cxf;false
weka;commons-math;false
resin;commons-math;false
org.restlet;commons-configuration;false
jline;ecore;false
groovy;commons-configuration;false
netty;commons-math;false
jaxme;smack;false
commons-pool;commons-math;false
snakeyaml;commons-math;false
args4j;commons-math;false
jcommon;commons-math;false
joda-time;commons-math;false
gwt-google;smack;false
jsch;commons-math;false
jsmaa-lib;commons-math;false
rxtx;commons-math;false
jline;jansi;false
jline;stringtemplate;false
guava;geotools;false
poi;sqlite-jdbc;false
httpcore;scribe;true
httpcore;jedis;false
postgresql;blazeds;false
lucene;spymemcached;false
guava;jmockit;false
httpcore;amqp-client;false
lucene;perf4j;false
httpcore;zookeeper;false
lucene;cassandra;false
httpcore;jsoup;false
guava;amqp-client;false
guava;resteasy;false
guava;aws-java-sdk;false
lucene;httpmime;false
postgresql;tapestry;false
guava;grizzly;false
guava;logback;false
lucene;compass;false
httpcore;imgscalr-lib;false
lucene;org.restlet;false
guava;libvirt;false
postgresql;sqlite-jdbc;true
commons-cli;args4j;false
jackson;hk2;false
commons-cli;apache-felix;false
commons-cli;xmlgraphics-commons;false
jmock;findbugs;false
xom;wicket;false
junit-addons;android;false
reflections;android;false
jackson;mogwee;false
jackson;tiger-types;false
jackson;glassfish;false
commons-cli;aduna-commons-iteration;false
jmock;lwjgl;false
jackson;xmemcached;false
icu4j;aopalliance;false
jackson;commons-math;false
commons-cli;lombok;false
appframework;android;false
commons-cli;hadoop-hive;false
commons-cli;jgss;false
commons-cli;jewelcli;true
jmock;weld;false
joda-time;android;false
scannotation;android;false
ganymed-ssh;wicket;false
jmock;java-cup;false
commons-cli;qdox;false
htmlcleaner;nekohtml;true
jackson;simple-xml;false
commons-cli;xmlunit;false
htmlparser;nekohtml;false
aspectjweaver;wicket;false
jackson;requestfactory;false
gson;args4j;false
dom4j;rsyntaxtextarea;false
gwt-google;jline;false
dom4j;commons-el;false
httpclient;scribe;true
javassist;org.eclipse.jface;false
vaadin;jline;false
httpclient;twitter4j;false
js;jline;false
shared-ldap;jline;false
libreadline-java;jline;false
dom4j;seam;false
dom4j;twitter4j;false
commons-jexl;jline;false
akka-actor;jline;false
dom4j;aws-java-sdk;false
groovy;jline;false
axis2;org.eclipse.jface;false
gson;java-rdfa;false
dom4j;bcel;false
httpclient;amqp-client;false
gson;amqp-client;false
commons-jelly;org.eclipse.jface;false
httpclient;wss4j;false
dom4j;cal10n-api;false
httpclient;jsoup;false
xdoclet;commons-net;false
jbehave;commons-net;false
jackson;mongo-java-driver;false
scannotation;mongo-java-driver;false
juli;mongo-java-driver;false
bval;mongo-java-driver;false
jcifs;commons-net;false
sqlite-jdbc;mongo-java-driver;true
bcel;plexus;false
avalon;commons-net;false
commons-cli;hadoop;false
collections-generic;hadoop;false
netty;hadoop;false
clhm-production;hadoop;false
tomcat;mongo-java-driver;false
martyr;commons-net;false
itext;plexus;false
struts;plexus;false
guava;mongo-java-driver;false
jung;hadoop;false
lucene;hadoop;false
avro;hadoop;false
pig;snakeyaml;false
jruby;jython;false
jyaml;snakeyaml;true
vaadin;jython;false
jaxb-xjc;selenium;false
commons-dbcp;commons-dbutils;false
commons-dbcp;shared-cursor;false
jcifs;jython;false
commons-dbcp;c3p0;false
freemarker;selenium;false
commons-dbcp;commons-compress;false
commons-dbcp;javolution;false
gwt-google;jython;false
relaxngDatatype;selenium;false
commons-dbcp;unitils;false
jruby;snakeyaml;false
opencsv;selenium;false
eclipselink;selenium;false
avalon;jython;false
jgoodies;snakeyaml;false
bouncycastle;jython;false
xdoclet;jython;false
zookeeper;snakeyaml;false
oval;poi;false
swingx;poi;false
derby;sqlite-jdbc;true
derby;shared-cursor;false
glassfish;poi;false
derby;ical4j;false
derby;jmeter;false
derby;abdera;false
commons-digester;poi;false
itext;poi;false
postgresql;commons-pool;false
xerces;xmlunit;false
xstream;commons-el;false
akka-actor;commons-pool;false
xstream;jline;false
avalon;itext;false
xstream;commons-configuration;false
oscache;itext;false
xerces;hadoop-hive;false
pdfbox;itext;true
xerces;qdox;false
xerces;AppleJavaExtensions;false
fop;itext;false
xerces;isorelax;false
xerces;junitperf;false
xerces;jtds;false
shared-ldif;itext;false
xstream;aether-connector;false
xstream;AppleJavaExtensions;false
xstream;scala;false
shared-ldap;itext;false
xerces;sqlite-jdbc;false
postgresql;itext;false
xerces;mockobjects;false
xerces;tagsoup;false
xstream;commons-compress;false
xstream;maven-webdav;false
poi;itext;false
activemq-ra;commons-pool;false
apacheds;itext;false
xerces;xmlgraphics-commons;false
json-lib;itext;false
webwork;itext;false
xstream;akka-actor;false
xstream;pax;false
standard;json-lib;false
xdoclet;jsch;false
jcifs;jsch;false
javassist;org.eclipse.swt;false
commons-jelly;org.eclipse.swt;false
shared-ldap;json-lib;false
richfaces;json-lib;false
ajax4jsf;json-lib;false
abdera;json-lib;false
avalon;jsch;false
ganymed-ssh;jsch;true
commons-fileupload;json-lib;false
apacheds;json-lib;false
sshj;jsch;true
org.restlet;json-lib;false
activemq-ra;jsch;false
velocity;json-lib;false
com.noelios.restlet;json-lib;false
scannotation;org.eclipse.swt;false
opencsv;json-lib;false
org.eclipse.jdt.core;jsch;false
quartz;json-lib;false
kahadb;jsch;false
javolution;json-lib;false
hbase;gwt-google;false
json-lib;netty;false
jamon;gwt-google;false
xerces;xalan;true
nailgun;gwt-google;false
je;gwt-google;false
db4o;gwt-google;false
hadoop;gwt-google;false
jaxb2-basics-runtime;xalan;false
jericho-html;org.eclipse.jdt.core;false
dnsjava;netty;false
ezmorph;gwt-google;false
urlrewrite;xalan;false
kahadb;gwt-google;false
findbugs;org.eclipse.jdt.core;false
commons-jelly;org.eclipse.jdt.core;false
commons-pool;org.eclipse.jdt.core;false
jmock;netty;false
amqp-client;netty;false
tapestry;gwt-google;false
activemq-ra;gwt-google;false
jsecurity;netty;false
stripes;gwt-google;false
xmlrpc;xalan;false
jackson;gwt-google;false
org.eclipse.jface;javassist;false
scannotation;javassist;false
postgresql;json-simple;false
commons-cli;javassist;false
json-lib;json-simple;true
org.eclipse.swt;javassist;false
lucene;json-simple;false
sigar;javassist;false
velocity;json-simple;false
commons-validator;javassist;false
concurrent;jgoodies;false
easymock;jsecurity;false
jide-oss;jcommon;false
easymock;httpunit;false
swing-layout;jfreechart;false
swing-layout;jcommon;false
easymock;nekohtml;false
swingx;jcommon;false
bcel;jfreechart;false
applejavaextensions;jfreechart;false
easymock;jasypt;false
bsh;jgoodies;false
easymock;htmlparser;false
easymock;cglib;false
applejavaextensions;jcommon;false
xstream;jfreechart;false
easymock;junit-addons;false
AppleJavaExtensions;jcommon;false
easymock;icefaces;false
easymock;commons-jxpath;false
easymock;jwebunit;false
jboss;oauth;false
hamcrest;sanselan;false
hsqldb;appengine;false
jboss;resteasy;false
android;bouncycastle;false
jericho-html;swingx;false
backport-util-concurrent;jasperreports;false
jboss;quartz;false
jboss;org.wikimodel.wem;false
hamcrest;aws-java-sdk;false
backport-util-concurrent;resteasy;false
commons-vfs;dom4j;false
hamcrest;equalsverifier;true
jboss;json-lib;false
jgrapht;swingx;false
backport-util-concurrent;org.restlet;false
jboss;arquillian;false
json-simple;dom4j;false
backport-util-concurrent;wicket;false
backport-util-concurrent;greenmail;false
dom4j;swingx;false
hsqldb;dom4j;false
antlr;bouncycastle;false
hsqldb;struts2;false
httpclient;bouncycastle;false
jboss;activemq-ra;false
jsyntaxpane;swingx;true
org.restlet;swingx;false
hsqldb;plexus;false
hsqldb;cometd;false
backport-util-concurrent;xml-resolver;false
hamcrest;dozer;false
je;bouncycastle;false
hamcrest;functionaljava;false
jboss;jackrabbit;false
jython;swingx;false
hsqldb;args4j;false
hsqldb;nifty;false
bouncycastle;dom4j;false
backport-util-concurrent;smack;false
hamcrest;lwjgl;false
backport-util-concurrent;shared-ldap;false
hsqldb;tapestry;false
hsqldb;logback;false
commons-configuration;dom4j;false
hamcrest;jansi;false
hamcrest;scannotation;false
hamcrest;org.eclipse.swt;false
hsqldb;spymemcached;false
hamcrest;dnsjava;false
bcel;dom4j;false
backport-util-concurrent;itext;false
hsqldb;lwjgl;false
kxml2;bouncycastle;false
backport-util-concurrent;bval;false
hamcrest;appframework;false
jboss;gherkin;false
hsqldb;itext;false
hamcrest;juel;false
hsqldb;perf4j;false
hamcrest;liquibase;false
xstream;dom4j;false
AppleJavaExtensions;swingx;false
hsqldb;jetty-client;false
jboss;mvel2;false
db4o;bouncycastle;false
backport-util-concurrent;file-management;false
martyr;bouncycastle;false
commons-collections;jsoup;false
scannotation;icu4j;false
commons-collections;abdera;false
commons-collections;jaxen;false
org.eclipse.swt;icu4j;false
commons-collections;lambdaj;true
poi;icu4j;false
guice;icu4j;false
guava;icu4j;false
struts;icu4j;false
ecore;icu4j;false
commons-collections;jena-core;false
commons-collections;android;false
commons-collections;selenium;false
pellet;icu4j;false
commons-collections;mahout;true
commons-collections;sitemesh;false
xerces;icu4j;false
oro;freemarker;false
osgi;freemarker;false
ehcache;freemarker;false
commons-configuration;freemarker;false
commons-dbcp;freemarker;false
org.eclipse.jface;freemarker;false
lucene;freemarker;false
db4o;freemarker;false
stringtemplate;freemarker;true
aspectjweaver;freemarker;false
sitemesh;freemarker;false
org.eclipse.swt;freemarker;false
acegi-security;freemarker;false
jmock;freemarker;false
hamcrest;freemarker;false
dwr;freemarker;false
hsqldb;freemarker;false
aopalliance;freemarker;false
commons-collections;freemarker;false
jxl;freemarker;false
org.eclipse;freemarker;false
tomcat;freemarker;false
axion;jmock;false
testng;blazeds;false
argo;jmock;false
tomcat;jmock;false
pluto;backport-util-concurrent;false
abdera;js;false
testng;shrinkwrap;false
json-lib;jmock;false
mockobjects;jmock;true
testng;arquillian;false
oro;js;false
kahadb;js;false
querydsl;js;false
avalon;jmock;false
javassist;backport-util-concurrent;false
derby;jmock;false
testng;grizzly;false
ognl;jmock;false
testng;javassist;false
avalon;js;false
infinispan;js;false
commons-dbcp;jmock;false
pluto;jmock;false
commons-digester;js;false
itext;jmock;false
testng;mongo-java-driver;false
activemq-ra;js;false
jcifs;js;false
testng;apache-tika;false
testng;findbugs;false
testng;libvirt;false
testng;android;false
xdoclet;js;false
jbehave;jmock;false
commons-pool;jmock;false
testng;weld;false
testng;amqp-client;false
js;jmock;false
idb;jmock;false
hsqldb;jmock;false
hsqldb;backport-util-concurrent;false
testng;logkit;false
postgresql;jmock;false
testng;jsecurity;false
testng;xdocreport;false
commons-vfs;backport-util-concurrent;false
commons-collections;antlr;false
jdom;liquibase;false
jdom;commons-email;false
jdom;jglobus;false
jdom;eventbus;false
jdom;icefaces;false
jdom;abdera;false
jdom;commons-net;false
jdom;bsh;false
jdom;bouncycastle;false
scannotation;antlr;false
jdom;icu4j;false
org.eclipse.jdt.core;antlr;false
hsqldb;antlr;false
jacorb;colt;false
jacorb;imgscalr-lib;false
jacorb;simple-xml;false
pircbot;commons-dbcp;false
jacorb;jbullet;false
axis;commons-dbcp;false
jacorb;lwjgl;false
hsqldb;commons-dbcp;false
jacorb;jgroups;false
org.restlet;commons-dbcp;false
jacorb;bsh;false
jacorb;simple;false
jacorb;antlr;false
js;jacorb;false
fop;postgresql;false
spring;org.restlet;false
dbunit;postgresql;false
spring;poi;false
scala;tomcat;false
antlr;tomcat;false
hamcrest;tomcat;false
flatpack;ehcache;false
spring;pax;false
hsqldb;tomcat;false
jcifs;jacorb;false
spring;commons-el;false
logkit;jacorb;false
poi;postgresql;false
xmemcached;ehcache;true
jettison;ehcache;false
spring;commons-configuration;false
spring;ehcache;false
org.restlet;postgresql;false
httpcore;ehcache;false
bsh;tomcat;false
jgroups;tomcat;false
c3p0;ehcache;false
testng;tomcat;false
avalon;jacorb;false
xdoclet;jacorb;false
spring;icu4j;false
swingx;ehcache;false
commons-configuration;postgresql;false
xerces;postgresql;false
jacorb;tomcat;false
spring;xbean;false
AppleJavaExtensions;ehcache;false
jorbis;jacorb;false
openejb;ehcache;false
appframework;jacorb;false
spring;httpmime;false
jbullet;jacorb;false
saxon;postgresql;false
geronimo;ehcache;false
asm;ehcache;false
commons-pool;ehcache;false
spring;MockFtpServer;false
oro;ehcache;false
jtds;postgresql;false
spring;tomcat;false
jboss;tomcat;false
testng;jacorb;false
commons-pool;tomcat;false
org.json;openrdf;false
org.json;lambdaj;false
commons-beanutils;xdocreport;false
org.json;libthrift;false
itext;asm;false
commons-beanutils;json-simple;false
org.json;javassist;false
struts;asm;false
commons-beanutils;guava-testlib;false
commons-beanutils;dojo-shrinksafe;false
commons-beanutils;libthrift;false
commons-beanutils;hector;false
org.json;flexjson;true
commons-beanutils;orika;false
aspectjweaver;asm;false
commons-beanutils;smack;false
org.json;jcommon;false
commons-beanutils;plugin;false
org.json;jmock;false
org.json;neo4j;false
org.json;json-smart;true
org.json;jsoup;false
commons-beanutils;cassandra;false
commons-beanutils;powermock;false
commons-beanutils;doxia;false
commons-beanutils;apache-tika;false
org.json;json-simple;true
org.json;swingx;false
jython;asm;false
jmock;asm;false
org.json;dom4j;false
org.json;TableLayout;false
commons-beanutils;dozer;false
org.json;scala;false
ehcache;asm;false
org.json;org.restlet;false
commons-beanutils;jcommon;false
commons-beanutils;jmock;false
jacorb;jboss;false
commons-net;jboss;false
gwt-google;jboss;false
seam;jboss;false
org.wikimodel.wem;jboss;false
testng;jboss;false
htmlcompressor;jboss;false
jyaml;jboss;false
jline;jboss;false
bsh;jboss;false
dom4j;jboss;false
abdera;jboss;false
freemarker;groovy;false
spring;groovy;false
backport-util-concurrent;easymock;false
ant;tiger-types;false
gwt-google;osgi;false
jboss;groovy;false
avalon;groovy;false
ant;jsch;false
ant;hawtbuf;false
backport-util-concurrent;groovy;false
commons-pool;groovy;false
akka-actor;osgi;false
ant;weka;false
ant;gwt-google;false
ant;osgi;false
cglib;groovy;false
acegi-security;groovy;false
js;groovy;false
ant;requestfactory;false
aopalliance;groovy;false
pdfbox;osgi;false
hsqldb;groovy;false
javassist;osgi;false
ant;opennlp;false
httpunit;groovy;false
db4o;osgi;false
commons-jelly;osgi;false
guice;groovy;false
jcifs;groovy;false
jdom;groovy;false
shared-i18n;osgi;false
ant;jboss;false
ant;commons-compress;false
bsh;groovy;false
ant;glassfish;false
aspectjweaver;osgi;false
webwork;groovy;false
xdoclet;groovy;false
hawtbuf;osgi;false
ant;logback;false
ant;httpasyncclient;false
commons-cli;osgi;false
ant;tomcat;false
jython;groovy;false
concurrent;osgi;false
antlr;groovy;false
vaadin;osgi;false
shared-ldif;osgi;false
jasper;groovy;false
commons-beanutils;osgi;false
ant;maxent;false
xerces;groovy;false
maven;osgi;false
ant;subethasmtp;false
ant;hk2;false
ant;jakarta-regexp;false
guice;osgi;false
ant;jcommander;false
activemq-ra;osgi;false
spring;easymock;false
json-lib;velocity;false
cucumber;velocity;false
commons-codec;esapi;false
commons-codec;netty;false
gunit;velocity;false
commons-codec;nekohtml;false
commons-codec;gwt-google;false
icu4j;velocity;false
commons-codec;jcommander;false
commons-codec;ganymed-ssh;false
commons-codec;hk2;false
commons-codec;bouncycastle;true
commons-codec;primefaces;false
ognl;velocity;false
itext;velocity;false
commons-codec;elasticsearch;false
commons-codec;tiger-types;false
pcj;velocity;false
commons-codec;disruptor;false
org.eclipse.jdt.core;velocity;false
commons-codec;glassfish;false
concurrent;velocity;false
commons-codec;amqp-client;false
colt;velocity;false
jfreechart;velocity;false
joda-time;velocity;false
commons-codec;commons-compress;false
org.eclipse.swt;velocity;false
hsqldb;velocity;false
commons-codec;unboundid-ldapsdk;false
tomcat;velocity;false
commons-codec;requestfactory;false
hibernate;richfaces;false
junit-addons;aspectjweaver;false
scannotation;aspectjweaver;false
hibernate;org.restlet;false
classworlds;aspectjweaver;false
hibernate;jasperreports;false
hibernate;groovy;false
hibernate;gstreamer-java;false
hibernate;jpf;false
hibernate;solder;false
groovy;aspectjweaver;false
aopalliance;aspectjweaver;false
jaxme;aspectjweaver;false
jamon;aspectjweaver;false
selenium;aspectjweaver;false
hibernate;seam;false
hibernate;icu4j;false
hibernate;logback;false
hibernate;oscache;false
hibernate;collections-generic;false
hibernate;mongo-java-driver;false
richfaces;aspectjweaver;false
ajax4jsf;aspectjweaver;false
swingx;aspectjweaver;false
commons-collections;aspectjweaver;false
hsqldb;aspectjweaver;false
httpasyncclient;aspectjweaver;false
jaxen;aspectjweaver;false
hibernate;backport-util-concurrent;false
jetty-mortbay;jclouds;false
jetty-mortbay;nekohtml;false
jetty-mortbay;easymock;false
jetty-mortbay;jopt-simple;false
jetty-mortbay;httpunit;false
jetty-mortbay;cxf;false
jetty-mortbay;commons-el;false
jetty-mortbay;jena-core;false
jetty-mortbay;aws-java-sdk;false
jetty-mortbay;test-jetty-servlet;false
jetty-mortbay;objectify;false
jetty-mortbay;libthrift;false
jetty-mortbay;htmlparser;false
jetty-mortbay;groovy;false
jetty-mortbay;mime-util;false
jetty-mortbay;lambdaj;false
jetty-mortbay;junit-addons;false
jetty-mortbay;tapestry;false
jetty-mortbay;jackrabbit;false
jetty-mortbay;lucene-snowball;false
jetty-mortbay;aspectjweaver;false
jetty-mortbay;experimental;false
jetty-mortbay;selenium;false
jetty-mortbay;jwebunit;false
jetty-mortbay;commons-math;false
jetty-mortbay;backport-util-concurrent;false
jetty-mortbay;opennlp;false
commons-configuration;lucene;false
ehcache;lucene;false
gwt-google;lucene;false
jxl;lucene;false
vaadin;lucene;false
fastutil;lucene;true
trove4j;lucene;true
dwr;lucene;false
jetty-mortbay;lucene;false
hibernate;lucene;false
hsqldb;lucene;false
tomcat;lucene;false
poi;lucene;false
bsh;lucene;false
oro;lucene;false
stanford-corenlp;lucene;false
metadata-extractor;h2;false
commons-pool;h2;false
xdoclet;xerces;false
slf4j;xalan;false
hibernate;h2;false
commons-collections;h2;false
slf4j;gxt;false
fop;xerces;false
poi;h2;false
xerces;h2;false
derby;xstream;false
reflections;xstream;false
guava;h2;false
xerces;xstream;false
slf4j;jedis;false
openejb;h2;false
slf4j;itext;false
geronimo;h2;false
slf4j;lucene;false
slf4j;spymemcached;false
oro;h2;false
slf4j;org.restlet;false
asm;h2;false
slf4j;hadoop;false
commons-codec;xerces;false
slf4j;isorelax;false
org.json;xstream;true
applejavaextensions;xstream;false
slf4j;selenium;false
slf4j;groovy;false
mchange-commons-java;h2;false
slf4j;weld;false
slf4j;netty;false
slf4j;relaxngDatatype;false
jacorb;xerces;false
derby;h2;true
commons-beanutils;xerces;false
axis;xerces;false
slf4j;jmock;false
urlrewrite;xerces;false
hsqldb;h2;true
slf4j;saxon;false
slf4j;findbugs;false
slf4j;c3p0;false
jericho-html;xstream;false
slf4j;jxl;false
jcifs;xerces;false
slf4j;appengine;false
async-http-client;h2;false
slf4j;eclipselink;false
gmbal-api-only;xerces;false
slf4j;ebean;false
htmlparser;xerces;false
hibernate;xstream;false
swingx;xstream;false
slf4j;backport-util-concurrent;false
concurrent;h2;false
org.restlet;xstream;false
ant;xstream;false
slf4j;nekohtml;false
swingx;h2;false
slf4j;gwt-google;false
c3p0;h2;false
slf4j;xml-resolver;false
scannotation;commons-fileupload;false
jboss;commons-fileupload;false
velocity;commons-fileupload;false
ognl;commons-fileupload;false
tomcat;commons-fileupload;false
pluto;commons-fileupload;false
icu4j;commons-fileupload;false
db4o;commons-fileupload;false
mysql-connector-java;jpf;false
mysql-connector-java;jasperreports;false
mysql-connector-java;dom4j;false
opencsv;derby;false
xerces;derby;false
mysql-connector-java;fitlibrary;false
mysql-connector-java;stanford-corenlp;false
mysql-connector-java;org.restlet;false
mysql-connector-java;tomcat;false
commons-io;acra;false
mysql-connector-java;commons-fileupload;false
mysql-connector-java;wicket;false
commons-io;resteasy;false
mysql-connector-java;gwt-google;false
saxon;derby;false
xmlbeans;derby;false
powermock;derby;false
commons-io;doxia;false
commons-io;solder;false
mysql-connector-java;bonecp;false
commons-io;json-lib;false
commons-io;Permissions;false
mysql-connector-java;icu4j;false
mysql-connector-java;tapestry;false
commons-io;bouncycastle;false
commons-io;grizzly;false
mysql-connector-java;spymemcached;false
commons-io;javassist;false
commons-beanutils;derby;false
commons-io;jcommander;false
mysql-connector-java;PermissionsEx;false
mysql-connector-java;struts;false
mysql-connector-java;perf4j;false
eclipselink;derby;false
hibernate;derby;false
postgresql;derby;true
commons-io;mongo-java-driver;false
swingx;derby;false
fop;derby;false
commons-io;libvirt;false
commons-io;org.restlet;false
mysql-connector-java;selenium;false
commons-io;groovy;false
poi;derby;false
commons-io;scannotation;false
commons-io;tdb;false
mysql-connector-java;bukkit-permissions;false
mysql-connector-java;fitnesse;false
h2;derby;true
jdbm;derby;false
commons-io;jmockit;false
commons-io;javaparser;false
idb;derby;false
glassfish;derby;false
mysql-connector-java;sqlite-jdbc;true
mysql-connector-java;jnpserver;false
mysql-connector-java;jmock;false
commons-io;velocity;false
mysql-connector-java;commons-net;false
itext;derby;false
mysql-connector-java;jfreechart;false
mysql-connector-java;josql;false
commons-io;sitemesh;false
mysql-connector-java;dbunit;false
mysql-connector-java;jcommon;false
mysql-connector-java;axis;false
mysql-connector-java;h2;true
mysql-connector-java;vraptor;false
ant;derby;false
commons-io;rsyntaxtextarea;false
gson;guice;false
commons-codec;guice;false
easymock;guice;false
testng;maven;false
hsqldb;maven;false
scala;guice;false
commons-io;maven;false
httpclient;guice;false
backport-util-concurrent;guice;false
joda-time;guice;false
httpunit;guice;false
velocity;guice;false
backport-util-concurrent;maven;false
bcel;maven;false
commons-collections;guice;false
bsh;maven;false
org.eclipse;guice;false
groovy;maven;false
oro;maven;false
commons-fileupload;guice;false
struts;maven;false
swing-layout;maven;false
webwork;guice;false
morphia;guice;false
asm;guice;false
builder;guice;false
db4o;maven;false
httpcore;guice;false
xerces;guice;false
jackson;guice;false
svnkit;guice;false
jflex;maven;false
org.eclipse.jdt.core;maven;false
commons-beanutils;guice;false
jasper;guice;false
itext;maven;false
jdom;guice;false
qdox;guice;false
org.eclipse.jdt.core;guice;false
js;maven;false
antlr;jdom;false
testng;jdom;false
richfaces;jdom;false
lucene;jdom;false
hibernate;jdom;false
javassist;jdom;false
pdfbox;jdom;false
slf4j;jdom;false
jaxme;commons-cli;false
jdom;commons-cli;false
htmlunit;commons-cli;false
org.restlet;commons-cli;false
groovy;commons-cli;false
asm;commons-cli;false
dozer;commons-cli;false
commons-configuration;commons-cli;false
jopt-simple;commons-cli;false
jaxen;commons-cli;false
jettison;commons-cli;false
httpasyncclient;commons-cli;false
jetty-mortbay;commons-cli;false
commons-beanutils;commons-cli;false
backport-util-concurrent;commons-cli;false
ant;org.json;false
jackson;org.json;true
lucene;org.json;false
httpcore;org.json;false
velocity;org.json;false
json-simple;org.json;true
castor;org.json;false
signpost;org.json;false
httpclient;org.json;false
hibernate;org.json;false
svnkit;org.json;false
mvel2;org.json;false
easymock;org.json;false
json-lib;org.json;true
xmlenc;org.json;false
commons-io;testng;false
joda-time;hsqldb;false
h2;hsqldb;true
jsch;hsqldb;false
bson;testng;false
jaxb2-basics-runtime;hsqldb;false
svnkit;hsqldb;false
postgresql;hsqldb;true
easymock;hsqldb;false
commons-collections;hsqldb;false
lite;hsqldb;false
args4j;testng;false
derby;hsqldb;true
mockobjects;testng;false
twitter4j;testng;false
riak-client;testng;false
freemarker;hsqldb;false
xalan;hsqldb;false
backport-util-concurrent;hsqldb;false
slf4j;testng;false
activemq-ra;hsqldb;false
jetty-mortbay;hsqldb;false
appframework;hsqldb;false
jwnl;testng;false
jaxb2-basics-runtime;testng;false
sqlite-jdbc;hsqldb;true
antlr;testng;false
solder;testng;false
hsqldb;testng;false
commons-httpclient;jasypt;false
commons-httpclient;lucene;false
scannotation;commons-httpclient;false
httpcore;commons-httpclient;false
httpclient;commons-httpclient;false
icu4j;commons-httpclient;false
commons-httpclient;jackrabbit;false
xmltooling;commons-httpclient;false
commons-httpclient;infinispan;false
commons-httpclient;async-http-client;false
commons-httpclient;jcommon;false
commons-httpclient;junit-addons;false
derby;commons-httpclient;false
db4o;commons-httpclient;false
xstream;commons-httpclient;false
commons-httpclient;aspectjweaver;false
commons-httpclient;guice;false
commons-httpclient;xstream;false
commons-httpclient;hsqldb;false
xmlbeans;commons-httpclient;false
commons-httpclient;org.json;false
commons-httpclient;mahout;false
tjws;commons-httpclient;false
opensaml;commons-httpclient;false
commons-httpclient;liquibase;false
commons-httpclient;commons-math;false
jmock;commons-httpclient;false
concurrent;commons-httpclient;false
commons-httpclient;jfreechart;false
mysql-connector-java;commons-httpclient;false
lucene;commons-httpclient;false
jline;commons-httpclient;false
hsqldb;commons-httpclient;false
commons-httpclient;httpunit;false
commons-httpclient;commons-el;false
commons-httpclient;swingx;false
commons-httpclient;gxt;false
commons-collections;commons-httpclient;false
axis2;commons-httpclient;false
commons-httpclient;gdata;false
guice;commons-httpclient;false
commons-beanutils;commons-httpclient;false
commons-httpclient;commons-fileupload;false
slf4j;commons-httpclient;false
commons-httpclient;commons-net;false
commons-httpclient;jsyntaxpane;false
mockobjects;commons-httpclient;false
commons-httpclient;groovy;false
commons-httpclient;xerces;false
solr;gson;false
jaxme;gson;false
doxia;gson;false
jaxen;gson;false
json-lib;gson;true
groovy;gson;false
solder;gson;false
maven;gson;false
jwnl;gson;false
nailgun;gson;false
jackson;gson;true
grizzly;gson;false
backport-util-concurrent;gson;false
quartz;gson;false
org.eclipse.jface;gson;false
activemq-ra;gson;false
appframework;gson;false
commons-codec;gson;false
commons-email;gson;false
testng;gson;false
httpasyncclient;gson;false
appengine;gson;false
poi;joda-time;false
aopalliance;joda-time;false
async-http-client;joda-time;false
struts2;joda-time;false
xwork-core;joda-time;false
opencsv;joda-time;false
stripes;joda-time;false
lucene;joda-time;false
commons-httpclient;joda-time;false
org.eclipse.jdt.core;joda-time;false
concurrent;joda-time;false
testng;joda-time;false
mysql-connector-java;joda-time;false
commons-beanutils;joda-time;false
h2;joda-time;false
requestfactory;jackson;false
xmlrpc;jackson;false
mysql-connector-java;jackson;false
ehcache;jackson;false
hk2;jackson;false
ognl;jackson;false
jibx;jackson;false
commons-httpclient;jackson;false
xstream;jackson;true
xwork-core;jackson;false
velocity;jackson;false
tiger-types;jackson;false
gwt-google;jackson;false
commons-io;jackson;false
org.json;jackson;true
jxl;jackson;false
hsqldb;jackson;false
aopalliance;jackson;false
commons-configuration;jackson;false
testng;jackson;false
org.eclipse;jackson;false
args4j;jackson;false
tomcat;jackson;false
poi;jackson;false
apache-mina;jackson;false
standard;jackson;false
guava;jackson;false
json-lib;jackson;true
oro;jackson;false
jline;jackson;false
struts2;jackson;false
jython;jackson;false
rxtx;commons-beanutils;false
aopalliance;commons-beanutils;false
zweb;commons-beanutils;false
easymock;commons-beanutils;false
cucumber;commons-beanutils;false
kahadb;commons-beanutils;false
mirror;commons-beanutils;false
commons-configuration;commons-beanutils;false
jcommon;commons-beanutils;false
activemq-ra;commons-beanutils;false
resin;commons-beanutils;false
jmock;commons-beanutils;false
jfreechart;commons-beanutils;false
itext;commons-beanutils;false
jsch;commons-beanutils;false
jetty-mortbay;commons-beanutils;false
Permissions;mysql-connector-java;false
jtds;mysql-connector-java;false
poi;mysql-connector-java;false
commons-net;mysql-connector-java;false
xerces;mysql-connector-java;false
mckoi;mysql-connector-java;false
ant;mysql-connector-java;false
saxon;mysql-connector-java;false
opencsv;mysql-connector-java;false
dbunit;mysql-connector-java;false
h2;mysql-connector-java;true
activemq-ra;mysql-connector-java;false
fop;mysql-connector-java;false
xstream;mysql-connector-java;false
minecraft-server;mysql-connector-java;false
js;mysql-connector-java;false
eclipselink;mysql-connector-java;false
jacorb;mysql-connector-java;false
hsqldb;mysql-connector-java;true
commons-lang;xerces;false
commons-lang;cuke4duke;false
commons-lang;joda-time;false
commons-lang;ehcache;false
commons-lang;maven;false
commons-lang;derby;false
commons-lang;findbugs;false
commons-lang;smack;false
commons-lang;argo;false
commons-lang;jung;false
commons-lang;commons-email;false
commons-lang;icefaces;false
commons-lang;lombok;false
commons-lang;selenium;false
commons-lang;mysql-connector-java;false
commons-lang;inflector;false
commons-lang;hadoop;false
commons-lang;commons-cli;false
commons-lang;jboss;false
commons-lang;jettison;false
commons-lang;jmock;false
commons-lang;h2;false
commons-lang;jfreechart;false
commons-lang;testng;false
commons-lang;dbunit;false
commons-lang;xstream;false
commons-lang;cglib;false
commons-lang;cxf;false
commons-lang;unitils;false
commons-lang;resteasy;false
commons-lang;htmlunit;false
commons-lang;AppleJavaExtensions;false
commons-lang;shrinkwrap;false
commons-lang;equalsverifier;false
commons-lang;commons-fileupload;false
commons-lang;esapi;false
commons-lang;arquillian;false
commons-lang;nekohtml;false
commons-lang;tomcat;false
commons-lang;oval;false
commons-lang;commons-validator;false
commons-lang;tapestry;false
commons-lang;jcommander;false
oro;ant;false
martyr;ant;false
xwork-core;ant;false
hibernate;ant;false
applejavaextensions;ant;false
xmlbeans;ant;false
commons-codec;ant;false
hamcrest;ant;false
hsqldb;ant;false
standard;ant;false
urlrewrite;ant;false
slf4j;ant;false
poi;ant;false
pull-parser;ant;false
pcj;ant;false
jgroups;ant;false
xalan;ant;false
xmlrpc;ant;false
avalon;ant;false
struts2;ant;false
commons-validator;ant;false
batik;ant;false
ognl;ant;false
commons-lang;ant;false
eclipselink;hamcrest;false
rxtx;hamcrest;false
args4j;hamcrest;false
easymock;hamcrest;true
zweb;hamcrest;false
groovy;hamcrest;false
velocity;hamcrest;false
ant;hamcrest;false
commons-collections;hamcrest;false
yuicompressor;hamcrest;false
jaxb-xjc;hamcrest;false
jcip-annotations;hamcrest;false
reflections;hamcrest;false
multithreadedtc;hamcrest;false
itext;hamcrest;false
opencsv;hamcrest;false
resin;hamcrest;false
stax-utils;hamcrest;false
akka-actor;hamcrest;false
pircbot;hamcrest;false
freemarker;hamcrest;false
mvel2;hamcrest;false
jbehave;hamcrest;false
snakeyaml;hamcrest;false
relaxngDatatype;hamcrest;false
antlr;hamcrest;false
jfreechart;hamcrest;false
morphia;hamcrest;false
mysql-connector-java;hamcrest;false
jcommon;hamcrest;false
commons-codec;hamcrest;false
js;hamcrest;false
commons-beanutils;hamcrest;false
maven;hamcrest;false
jsch;hamcrest;false
jsch;jetty-mortbay;false
hsqldb;jetty-mortbay;false
lite;jetty-mortbay;false
tomcat;jetty-mortbay;false
easymock;jetty-mortbay;false
commons-fileupload;jetty-mortbay;false
org.restlet;jetty-mortbay;false
jdom;jetty-mortbay;false
juli;jetty-mortbay;false
hbase;jetty-mortbay;false
aspectjweaver;jetty-mortbay;false
concurrentlinkedhashmap-lru;jetty-mortbay;false
jcommon;jetty-mortbay;false
commons-httpclient;jetty-mortbay;false
scale7-core;jetty-mortbay;false
hadoop;jetty-mortbay;false
mockito;jetty-mortbay;false
org.eclipse.jdt.core;jetty-mortbay;false
hamcrest;jetty-mortbay;false
xmlParserAPIs;gwt-google;false
xmlParserAPIs;jline;false
xmlParserAPIs;objectify;false
xmlParserAPIs;logback;false
xmlParserAPIs;jackrabbit;false
xmlParserAPIs;aduna-commons-iteration;false
xmlParserAPIs;commons-cli;false
xmlParserAPIs;commons-configuration;false
xmlParserAPIs;derby;false
xmlParserAPIs;maven-webdav;false
xmlParserAPIs;testng;false
xmlParserAPIs;jython;false
xmlParserAPIs;commons-fileupload;false
xmlParserAPIs;jackson;false
xmlParserAPIs;aspectjweaver;false
xmlParserAPIs;jcommander;false
xmlParserAPIs;xstream;false
xmlParserAPIs;commons-httpclient;false
xmlParserAPIs;org.json;false
xmlParserAPIs;applejavaextensions;false
xmlParserAPIs;aether-connector;false
xmlParserAPIs;je;false
xmlParserAPIs;castor;false
xmlParserAPIs;jdom;false
xmlParserAPIs;jwebunit;false
xmlParserAPIs;netty;false
xmlParserAPIs;fastutil;false
xmlParserAPIs;scala;false
xmlParserAPIs;pax;false
xmlParserAPIs;commons-email;false
xmlParserAPIs;dbunit;false
xmlParserAPIs;appengine;false
xmlParserAPIs;metadata-extractor;false
xmlParserAPIs;commons-compress;false
xmlParserAPIs;openide-lookup;false
xmlParserAPIs;jetty-mortbay;false
xmlParserAPIs;ical4j;false
xmlParserAPIs;wrapper;false
xmlParserAPIs;utils;false
xmlParserAPIs;org.eclipse;false
xmlParserAPIs;tomcat;false
xmlParserAPIs;jide-oss;false
xmlParserAPIs;simple-xml;true
xmlParserAPIs;json-lib;false
xmlParserAPIs;akka-actor;false
xmlParserAPIs;bsh;false
xmlParserAPIs;plexus;false
xmlParserAPIs;IntelliJIdea;false
commons-pool;commons-collections;false
pcj;commons-collections;true
hamcrest;commons-collections;false
base64;commons-collections;false
hibernate;commons-collections;false
picocontainer;commons-collections;false
jena-core;commons-collections;false
xmlParserAPIs;commons-collections;false
nekohtml;commons-collections;false
Permissions;commons-collections;false
easymock;commons-collections;false
axis2;commons-collections;false
commons-digester;commons-collections;false
xerces;commons-collections;false
commons-lang;commons-collections;false
jcommon;commons-collections;false
swing-layout;commons-collections;false
spring;commons-collections;false
jgroups;spring;false
htmlcompressor;spring;false
yuicompressor;spring;false
shrinkwrap;spring;false
xalan;spring;false
commons-validator;spring;false
org.eclipse.jface;spring;false
commons-digester;spring;false
xmlParserAPIs;spring;false
commons-httpclient;spring;false
reflections;spring;false
selenium;spring;false
mysql-connector-java;spring;false
jbehave;spring;false
jmock;spring;false
hsqldb;spring;false
colt;spring;false
hibernate;spring;false
swingx;spring;false
jxlayer;commons-codec;false
htmlunit;commons-codec;false
svenson;commons-codec;false
mockobjects;commons-codec;false
tomcat;commons-codec;false
bouncycastle;commons-codec;false
jline;commons-codec;false
xmlsec;commons-codec;false
joda-time;commons-codec;false
xmltooling;commons-codec;false
slf4j;commons-codec;false
opencsv;commons-codec;false
continuous-testing-toolkit;commons-codec;false
jfreechart;commons-codec;false
jackson;commons-codec;false
lucene;commons-codec;false
appframework;commons-codec;false
concurrent;commons-codec;false
castor;commons-codec;false
mockito;commons-codec;false
jnpserver;commons-codec;false
velocity;commons-codec;false
commons-lang;commons-codec;false
commons-pool;commons-codec;false
filters;commons-codec;false
mysql-connector-java;commons-codec;false
commons-io;commons-codec;false
guava-testlib;commons-codec;false
hamcrest;commons-codec;false
eclipselink;commons-codec;false
jboss;commons-codec;false
commons-beanutils;hibernate;false
axis;hibernate;false
selenium;hibernate;false
guava;hibernate;false
swingx;hibernate;false
jug;hibernate;false
postgresql;hibernate;false
ivy;hibernate;false
commons-fileupload;hibernate;false
js;hibernate;false
htmlcompressor;hibernate;false
ant;hibernate;false
jasperreports;hibernate;false
lucene;hibernate;false
spring;hibernate;false
osgi;hibernate;false
commons-cli;hibernate;false
jbehave;hibernate;false
sqlite-jdbc;hibernate;false
apache-felix;mockito;false
solder;mockito;false
openejb;mockito;false
oro;mockito;false
swing-layout;mockito;false
geronimo;mockito;false
asm;mockito;false
xerces;mockito;false
scale7-core;mockito;false
jackson;mockito;false
aspectjweaver;mockito;false
opencsv;mockito;false
xstream;mockito;false
testng;mockito;false
freemarker;mockito;false
osgi;mockito;false
velocity;mockito;false
commons-cli;mockito;false
mysql-connector-java;mockito;false
jetty-mortbay;mockito;false
concurrent;mockito;false
snakeyaml;mockito;false
commons-email;mockito;false
hamcrest;mockito;true
objenesis;mockito;false
h2;mockito;false
eclipselink;mockito;false
maven;mockito;false
xmlunit;mockito;false
mvel2;mockito;false
jdom;mockito;false
scannotation;httpcore;false
grizzly;httpcore;false
velocity;httpcore;false
appframework;httpcore;false
org.json;httpcore;false
fastutil;httpcore;false
freemarker;httpcore;false
spring;httpcore;false
piccolo2d;httpcore;false
backport-util-concurrent;httpcore;false
axis;httpcore;false
easymock;httpcore;false
xom;httpcore;false
swingx;httpcore;false
commons-collections;httpcore;false
imgscalr-lib;httpcore;false
svnkit;httpcore;false
org.restlet;httpcore;false
Permissions;httpcore;false
serializer;httpcore;false
gwt-google;httpcore;false
bsh;httpcore;false
vaadin;httpcore;false
commons-configuration;httpcore;false
opencsv;httpcore;false
reflections;httpcore;false
commons-lang;httpcore;false
hadoop;guava;false
fastutil;guava;true
commons-codec;guava;true
jmock;guava;false
cglib;guava;false
axis;guava;false
xom;guava;false
jetty-mortbay;guava;false
mockito;guava;false
xstream;guava;false
commons-io;guava;false
hbase;guava;false
xmlParserAPIs;guava;false
commons-collections;guava;true
svnkit;guava;false
async-http-client;guava;false
easymock;guava;false
struts2;guava;false
akka-actor;guava;false
spring;guava;false
Permissions;guava;false
xwork-core;guava;false
openjpa;guava;false
jcommander;guava;false
lwjgl;guava;false
commons-dbcp;guava;false
mvel2;guava;false
asm;guava;false
javolution;guava;true
weld;guava;false
junit;commons-collections;false
junit;gwt-google;false
junit;org.eclipse;false
junit;jogl.all;false
junit;unitils;false
junit;jsecurity;false
junit;rxtx;false
junit;jinput;false
junit;robotium-solo;false
junit;clojure;false
junit;mysql-connector-java;false
junit;jasypt;false
junit;json-lib;false
junit;hibernate;false
junit;swing-layout;false
junit;icu4j;false
junit;logback;false
junit;jbullet;false
junit;smack;false
junit;protobuf-java;false
junit;mx4j;false
junit;lwjgl;false
junit;jackson;false
junit;glassfish;false
junit;commons-exec;false
junit;cglib;false
junit;dnsjava;false
junit;lombok;false
junit;tiger-types;false
junit;jinterface;false
junit;applejavaextensions;false
junit;mockito;false
junit;selenium;false
junit;org.eclipse.jdt.core;false
junit;guice;false
junit;commons-cli;false
junit;concurrent;false
junit;joda-time;false
junit;http-client-experimental;false
junit;trove4j;false
junit;picocontainer;false
junit;h2;false
junit;ant;false
junit;hk2;false
junit;jxl;false
junit;jacorb;false
junit;jug;false
junit;jdbm;false
junit;requestfactory;false
junit;dom4j;false
junit;groovy;false
log4j;commons-dbcp;false
log4j;oro;false
log4j;mongo-java-driver;false
commons-logging;fontbox;false
log4j;commons-beanutils;false
commons-logging;perf4j;false
commons-logging;powermock;false
log4j;powermock;false
log4j;guava;false
log4j;aether-connector;false
log4j;mysql-connector-java;false
commons-logging;jgss;false
commons-logging;selenium;false
commons-logging;apache-wink;false
commons-logging;mahout;false
log4j;velocity;false
log4j;selenium;false
log4j;xerces;false
commons-logging;fastutil;false
commons-logging;osgi;false
log4j;netty;false
log4j;gson;false
commons-logging;jmock;false
log4j;freemarker;false
log4j;scala;false
log4j;equalsverifier;false
commons-logging;dozer;false
log4j;hamcrest;false
commons-logging;acegi-security;false
log4j;j2ssh;false
log4j;dbunit;false
commons-logging;commons-email;false
log4j;jsch;false
commons-logging;testng;false
log4j;derby;false
log4j;plexus;false
commons-logging;xmlunit;false
commons-logging;httpcore;false
log4j;hsqldb;false
commons-logging;tinybundles;false
log4j;commons-compress;false
log4j;hibernate;false
commons-logging;guice;false
commons-logging;org.eclipse;false
commons-logging;commons-beanutils;false
commons-logging;icu4j;false
log4j;shrinkwrap;false
commons-logging;cxf;false
log4j;guice;false
log4j;org.eclipse;false
log4j;zweb;false
commons-logging;hamcrest;false
commons-logging;async-http-client;false
commons-logging;apache-mina;false
commons-logging;bridj;false
log4j;commons-httpclient;false
log4j;doxia;false
log4j;jaxen;false
log4j;play;false
log4j;trident;false
log4j;akka-actor;false
log4j;pax;false
commons-logging;apache-felix;false
commons-logging;commons-fileupload;false
log4j;ebean;false
log4j;openejb;false
log4j;jgroups;false
commons-logging;wicket;false
log4j;exoplatform;false
log4j;groovy;false
log4j;wicket;false
commons-logging;pax;false
commons-logging;freemarker;false
commons-logging;gwt-google;false
log4j;arquillian;false
commons-logging;bouncycastle;false
log4j;blueprints;false
log4j;bouncycastle;false
log4j;jython;false
log4j;jline;false
commons-logging;seam;false
commons-logging;org.eclipse.jdt.core;false
commons-logging;oval;false
log4j;xpp3;false
log4j;commons-configuration;false
commons-logging;infinispan;false
commons-logging;ehcache;false
commons-logging;org.eclipse.swt;false
commons-logging;asm;false
log4j;lambdaj;false
log4j;javassist;false
commons-logging;ant;false
commons-logging;commons-configuration;false
commons-logging;derby;false
commons-logging;bndlib;false
log4j;jcip-annotations;false
log4j;maven-webdav;false
log4j;org.eclipse.jface;false
log4j;oscache;false
log4j;org.eclipse.swt;false
commons-logging;commons-dbcp;false
log4j;jackrabbit;false
commons-logging;gxt;false
log4j;jsoup;false
log4j;fest;false
log4j;geronimo;false
log4j;aduna-commons-iteration;false
commons-logging;org.eclipse.jface;false
commons-logging;jackson;false
commons-logging;itext;false
log4j;jedis;false
commons-logging;org.restlet;false
log4j;itext;false
xmlsec;httpclient;false
swingx;httpclient;false
svnkit;httpclient;false
commons-lang;httpclient;false
easymock;httpclient;false
serializer;httpclient;false
gwt-google;httpclient;false
bsh;httpclient;false
jbossjts;httpclient;false
Permissions;httpclient;false
commons-collections;httpclient;false
bouncycastle;httpclient;false
commons-logging;httpclient;false
jline;httpclient;false
xmltooling;httpclient;false
grizzly;httpclient;false
commons-configuration;httpclient;false
opencsv;httpclient;false
reflections;httpclient;false
xpp3;httpclient;false
scannotation;httpclient;false
slf4j;httpclient;false
org.json;httpclient;false
org.restlet;httpclient;false
apache-wink;httpclient;false
appframework;httpclient;false
fastutil;httpclient;false
freemarker;httpclient;false
velocity;httpclient;false
spring;httpclient;false
vaadin;httpclient;false
backport-util-concurrent;httpclient;false
joda-time;httpclient;false
piccolo2d;httpclient;false
axis;httpclient;false
xom;httpclient;false
xmlParserAPIs;commons-logging;false
apache-tika;commons-logging;false
appframework;commons-logging;false
jboss;commons-logging;false
jxlayer;commons-logging;false
netty;commons-logging;false
testng;commons-logging;false
snakeyaml;commons-logging;false
filters;commons-logging;false
xdoclet;commons-logging;false
http-builder;commons-logging;false
hsqldb;commons-logging;false
hibernate;commons-logging;false
jxl;commons-logging;false
abdera;commons-logging;false
tomcat;commons-logging;false
logkit;commons-logging;false
postgresql;commons-logging;false
colt;commons-logging;false
commons-net;commons-logging;false
jnpserver;commons-logging;false
jcifs;commons-logging;false
json-lib;commons-logging;false
mockobjects;commons-logging;false
kahadb;commons-logging;false
trove4j;commons-logging;false
spring;commons-logging;false
ant;commons-logging;false
oro;commons-logging;false
cucumber;commons-logging;false
bcel;commons-logging;false
classworlds;commons-logging;false
nailgun;commons-io;false
jfreechart;commons-io;false
dbunit;commons-io;false
axis;commons-io;false
appengine;commons-io;false
json-simple;commons-io;false
c3p0;commons-io;false
jetty-mortbay;commons-io;false
commons-vfs;commons-io;false
aopalliance;commons-io;false
httpasyncclient;commons-io;false
tomcat;commons-io;false
svnkit;commons-io;false
akka-actor;commons-io;false
jaxme;commons-io;false
jdom;commons-io;false
poi;commons-io;false
jbehave;commons-io;false
serializer;commons-io;false
guice;commons-io;false
gwt-log;commons-io;false
commons-cli;commons-io;false
htmlparser;commons-io;false
swing-layout;commons-io;false
jwnl;commons-io;false
commons-logging;commons-io;false
openjpa;commons-io;false
objectify;commons-io;false
httpcore;commons-io;false
avalon;commons-io;false
ant;commons-io;false
dwr;commons-io;false
xerces;commons-io;false
opencsv;commons-io;false
lucene;commons-io;false
jackson;commons-io;false
classworlds;commons-io;false
mockito;commons-io;false
json-lib;commons-io;false
spring;commons-io;false
jruby;commons-io;false
struts2;commons-io;false
commons-math;commons-io;false
org.eclipse.jdt.core;commons-io;false
odfdom-java;commons-io;false
gson;commons-io;false
xwork-core;commons-io;false
groovy;commons-io;false
httpclient;commons-io;false
sqlite-jdbc;commons-io;false
swing-layout;slf4j;false
asm;slf4j;false
spring;slf4j;false
httpcore;slf4j;false
odfdom-java;slf4j;false
jdom;slf4j;false
bcel;slf4j;false
jcip-annotations;slf4j;false
reflections;slf4j;false
commons-dbcp;slf4j;false
ganymed-ssh;slf4j;false
opencsv;slf4j;false
jackson;slf4j;false
scannotation;slf4j;false
jxl;slf4j;false
xstream;slf4j;false
android;slf4j;false
hadoop;slf4j;false
velocity;slf4j;false
dnsjava;slf4j;false
sitemesh;slf4j;false
eclipselink;slf4j;false
freemarker;slf4j;false
datanucleus;slf4j;false
aspectjweaver;slf4j;false
findbugs;slf4j;false
lucene;slf4j;false
java-getopt;slf4j;false
je;slf4j;false
ij;slf4j;false
httpclient;slf4j;false
xom;slf4j;false
stringtemplate;slf4j;false
org.restlet;slf4j;false
hibernate;slf4j;false
maven;slf4j;false
rxtx;slf4j;false
commons-daemon;slf4j;false
mvel2;slf4j;false
parboiled;slf4j;false
postgresql;slf4j;false
commons-collections;slf4j;false
guice;slf4j;false
org.eclipse;slf4j;false
ant;slf4j;false
poi;slf4j;false
async-http-client;slf4j;false
plexus;slf4j;false
pax;slf4j;false
commons-net;slf4j;false
appengine;slf4j;false
mockobjects;slf4j;false
idb;slf4j;false
groovy;slf4j;false
jboss;slf4j;false
wicket;slf4j;false
testng;slf4j;false
mckoi;slf4j;false
bouncycastle;slf4j;false
xmlParserAPIs;log4j;false
commons-codec;log4j;false
appframework;log4j;false
groovy;log4j;false
commons-email;log4j;false
mule;log4j;false
mockito;log4j;false
dom4j;log4j;false
jtds;log4j;false
fitnesse;log4j;false
jmockit;log4j;false
jfreechart;log4j;false
backport-util-concurrent;log4j;false
hibernate;log4j;false
httpclient;log4j;false
jasypt;log4j;false
jruby;log4j;false
postgresql;log4j;false
jacorb;log4j;false
tomcat;log4j;false
gwt-log;log4j;false
testng;log4j;false
mockobjects;log4j;false
cryptix;log4j;false
httpcore;log4j;false
jwebunit;log4j;false
derby;log4j;false
tapestry;log4j;false
jline;log4j;false
je;commons-lang;false
poi;commons-lang;false
commons-collections;commons-lang;false
appengine;commons-lang;false
commons-codec;commons-lang;false
pdfbox;commons-lang;false
gin;commons-lang;false
scannotation;commons-lang;false
lucene;commons-lang;false
android;commons-lang;false
cassandra;commons-lang;false
velocity;commons-lang;false
amqp-client;commons-lang;false
sqlite-jdbc;commons-lang;false
http-builder;commons-lang;false
commons-math;commons-lang;false
commons-email;commons-lang;false
commons-beanutils;commons-lang;false
joda-time;commons-lang;false
h2;commons-lang;false
commons-io;commons-lang;false
hibernate;commons-lang;false
hsqldb;commons-lang;false
java-getopt;commons-lang;false
httpasyncclient;commons-lang;false
dom4j;commons-lang;false
easymock;commons-lang;false
jaxme;commons-lang;false
pcj;commons-lang;false
htmlcompressor;commons-lang;false
swing-layout;commons-lang;false
jaxen;commons-lang;false
checkstyle;commons-lang;false
jline;commons-lang;false
junit;commons-lang;false
jettison;commons-lang;false
backport-util-concurrent;commons-lang;false
quartz;commons-lang;false
yuicompressor;commons-lang;false
jwnl;xmlParserAPIs;false
pellet;xmlParserAPIs;false
protobuf-java;xmlParserAPIs;false
jbullet;xmlParserAPIs;false
org.json;xmlParserAPIs;false
commons-validator;xmlParserAPIs;false
reflections;xmlParserAPIs;false
xerces;xmlParserAPIs;true
commons-lang;xmlParserAPIs;false
commons-dbcp;xmlParserAPIs;false
lucene;xmlParserAPIs;false
voldemort;xmlParserAPIs;false
commons-httpclient;xmlParserAPIs;false
stanford-corenlp;xmlParserAPIs;false
AppleJavaExtensions;xmlParserAPIs;false
jbossjts;xmlParserAPIs;false
commons-cli;xmlParserAPIs;false
jorbis;xmlParserAPIs;false
concurrent;xmlParserAPIs;false
log4j;xmlParserAPIs;false
xom;xmlParserAPIs;true
joda-time;xmlParserAPIs;false
commons-collections;xmlParserAPIs;false
jericho-html;xmlParserAPIs;false
commons-codec;xmlParserAPIs;false
h2;xmlParserAPIs;false
commons-vfs;xmlParserAPIs;false
testng;xmlParserAPIs;false
jacorb;xmlParserAPIs;false
jasperreports;xmlParserAPIs;false
mvel2;xmlParserAPIs;false
jetty-mortbay;xmlParserAPIs;false
dtdparser121;xmlParserAPIs;false
poi;xmlParserAPIs;false
commons-net;xmlParserAPIs;false
argo;xmlParserAPIs;false
hibernate;xmlParserAPIs;false
json-lib;xmlParserAPIs;false
oro;xmlParserAPIs;false
swing-layout;xmlParserAPIs;false
jasypt;xmlParserAPIs;false
joda-time;junit;false
axis2;junit;false
guice;junit;false
java-getopt;junit;false
jasperreports;junit;false
commons-net;junit;false
plexus;junit;false
aspectjweaver;junit;false
jbehave;junit;false
groovy;junit;false
cglib;junit;false
httpclient;junit;false
ecore;junit;false
htmlcompressor;junit;false
twitter4j;junit;false
mg4j;junit;false
asm;junit;false
jxlayer;junit;false
commons-cli;junit;false
yuicompressor;junit;false
snakeyaml;junit;false
avalon;junit;false
applejavaextensions;junit;false
jcip-annotations;junit;false
derby;junit;false
jackrabbit;junit;false
appframework;junit;false
apache-cocoon;junit;false
pircbot;junit;false
velocity;junit;false
tritonus_share;junit;false
jsecurity;junit;false
bsh;junit;false
fastutil;junit;false
filters;junit;false
dwr;junit;false
backport-util-concurrent;junit;false
axis;junit;false
je;junit;false
jzlib;junit;false
lombok;junit;false
maven;junit;false
pdfbox;junit;false
swingx;junit;false
hibernate;junit;false
