log4j;slf4j;38
commons-logging;slf4j;33
commons-httpclient;httpclient;25
commons-httpclient;httpcore;23
junit;testng;21
commons-logging;log4j;11
testng;junit;11
log4j;commons-logging;8
junit;httpcore;7
junit;httpclient;7
commons-logging;commons-lang;7
xmlParserAPIs;junit;7
jmock;mockito;6
log4j;logback;6
junit;commons-io;6
junit;log4j;5
commons-lang;slf4j;5
commons-lang;junit;5
commons-logging;spring;5
org.json;json-lib;5
org.json;gson;5
commons-lang;guava;4
org.json;junit;4
xmlParserAPIs;mockito;4
junit;org.eclipse.swt;4
json-simple;junit;4
easymock;mockito;4
velocity;freemarker;4
junit;gson;4
jdom;xmlParserAPIs;4
xmlParserAPIs;commons-io;4
jboss;solder;4
commons-httpclient;commons-io;4
log4j;mockito;4
mysql-connector-java;xmlParserAPIs;4
xmlParserAPIs;commons-lang;4
jgoodies;swingx;4
commons-io;junit;4
junit;jsch;3
mysql-connector-java;slf4j;3
junit;commons-pool;3
log4j;junit;3
commons-logging;groovy;3
spring;guice;3
hsqldb;commons-io;3
commons-logging;junit;3
pdfbox;xmlParserAPIs;3
slf4j;jboss;3
bcel;asm;3
xmlParserAPIs;swingx;3
commons-lang;mockito;3
ant;junit;3
commons-fileupload;commons-io;3
xstream;log4j;3
testng;solder;3
commons-logging;jpf;3
commons-httpclient;httpmime;3
jgoodies;xmlParserAPIs;3
junit;heroku-api;3
bouncycastle;lucene;3
commons-logging;joda-time;3
mysql-connector-java;guava;3
postgresql;mysql-connector-java;3
gson;org.json;3
junit;xmlParserAPIs;3
jetty-mortbay;hamcrest;3
org.json;freemarker;3
slf4j;log4j;3
commons-cli;jcommander;3
junit;org.eclipse.jgit;3
mysql-connector-java;junit;3
commons-codec;junit;3
junit;commons-codec;3
junit;jedis;3
mysql-connector-java;hibernate;3
xmlParserAPIs;selenium;3
spring;log4j;3
jetty-mortbay;xalan;3
commons-lang;commons-io;3
apache-mina;netty;3
jmock;commons-cli;3
hsqldb;slf4j;3
gson;jackson;3
commons-logging;mockito;3
commons-logging;hibernate;3
xmlParserAPIs;commons-codec;3
commons-httpclient;commons-lang;3
log4j;jboss;3
commons-httpclient;org.eclipse.jdt.core;3
junit;slf4j;3
xerces;ant;3
lwjgl;slick;2
serializer;htmlparser;2
commons-logging;appengine;2
avalon;xerces;2
android;junit;2
aopalliance;commons-pool;2
asm;args4j;2
poi;freemarker;2
junit;httpmime;2
dwr;jackson;2
easymock;log4j;2
tritonus_share;commons-lang;2
backport-util-concurrent;aspectjweaver;2
jdom;jpf;2
colt;opencsv;2
xmlParserAPIs;shrinkwrap;2
jacorb;commons-lang;2
dom4j;jdom;2
slf4j;infinispan;2
testng;httpclient;2
slf4j;commons-lang;2
seam;slf4j;2
wss4j;shrinkwrap;2
webwork;xwork-core;2
spring;junit;2
xpp3;bouncycastle;2
testng;guava;2
owlapi;junit;2
commons-logging;fuse;2
junit;org.json;2
xstream;junit;2
junit;xstream;2
swing-worker;miglayout;2
org.json;js;2
commons-collections;commons-io;2
org.json;slf4j;2
hadoop;commons-lang;2
hibernate;dwr;2
jetty-mortbay;guice;2
commons-codec;commons-io;2
jdom;hibernate;2
tritonus_share;timingframework;2
josql;commons-lang;2
xmlParserAPIs;xom;2
jackson;antlr;2
swing-worker;json-lib;2
apache-myfaces;commons-codec;2
javassist;xpp3;2
json-lib;junit;2
jetty-mortbay;httpclient;2
commons-httpclient;junit;2
commons-logging;commons-httpclient;2
xmlParserAPIs;gwt-log;2
cglib;asm;2
xmlParserAPIs;fuse;2
scannotation;reflections;2
dom4j;xmlParserAPIs;2
winp;gwt-log;2
hibernate;cglib;2
commons-beanutils;commons-io;2
xstream;ant;2
apache-myfaces;velocity;2
commons-httpclient;htmlparser;2
xpp3;ant;2
xmlParserAPIs;swing-worker;2
sip-servlets;shrinkwrap;2
sqlite-jdbc;h2;2
dozer;commons-el;2
jboss;shrinkwrap;2
jetty-mortbay;commons-codec;2
webwork;struts2;2
commons-httpclient;guava;2
sip-servlets;mockito;2
hsqldb;derby;2
slf4j;easymock;2
jdom;junit;2
jcouchdb;jackson;2
commons-httpclient;slf4j;2
jetty-mortbay;commons-lang;2
jgoodies;commons-lang;2
jacorb;osgi;2
cxf;gwt-log;2
aopalliance;ehcache;2
org.eclipse.swt;junit;2
guava;log4j;2
xmlParserAPIs;staxmapper;2
log4j;h2;2
aopalliance;datecalc;2
ant;httpclient;2
commons-dbcp;commons-io;2
dom4j;ant;2
commons-configuration;xmlParserAPIs;2
log4j;commons-codec;2
jackson;commons-fileupload;2
spring;mockito;2
mockito;spring;2
jmock;hamcrest;2
xmlParserAPIs;timingframework;2
aspectjweaver;jackson;2
winp;staxmapper;2
guava;slf4j;2
colt;collections-generic;2
jdom;hsqldb;2
activemq-ra;commons-logging;2
commons-lang;json-lib;2
slf4j;hamcrest;2
commons-logging;swingx;2
icefaces;mockito;2
jgoodies;fuse;2
yuicompressor;hibernate;2
ddlutils;commons-math;2
wss4j;gwt-log;2
hsqldb;dwr;2
junit;guava;2
commons-logging;aspectjweaver;2
commons-io;jython;2
collections-generic;guava;2
jgoodies;timingframework;2
aopalliance;commons-math;2
icefaces;openjpa;2
jorbis;fuse;2
groovy;commons-lang;2
quartz;log4j;2
commons-fileupload;org.json;2
oro;commons-io;2
testng;httpcore;2
ddlutils;datecalc;2
easymock;testng;2
slf4j;xerces;2
ddlutils;guava;2
junit;org.eclipse.jface;2
commons-httpclient;commons-cli;2
spring;cglib;2
jdom;TableLayout;2
hsqldb;org.restlet;2
jline;snakeyaml;2
scannotation;junit;2
jnpserver;shrinkwrap;2
tritonus_share;jpf;2
hsqldb;junit;2
mysql-connector-java;postgresql;2
oscache;ehcache;2
activemq-ra;commons-lang;2
derby;commons-logging;2
jaxen;commons-io;2
aopalliance;guava;2
commons-collections;hibernate;2
spring;commons-cli;2
sqlite-jdbc;antlr;2
cxf;mockito;2
wss4j;staxmapper;2
jackson;poi;2
xmlParserAPIs;jpf;2
poi;apache-tika;2
commons-beanutils;mockito;2
backport-util-concurrent;slf4j;2
jchardet;jcifs;2
commons-logging;guava;2
commons-logging;timingframework;2
wss4j;selenium;2
xmlParserAPIs;velocity;2
android;javassist;2
spring;commons-lang;2
commons-logging;xmlParserAPIs;2
commons-logging;commons-codec;2
log4j;maven;2
xmlParserAPIs;hibernate;2
junit;osgi;2
jdom;ant;2
cxf;staxmapper;2
aopalliance;cglib;2
svnkit;jetty-mortbay;2
aopalliance;lucene;2
icu4j;spring;2
xstream;commons-codec;2
commons-io;xmlParserAPIs;2
sip-servlets;selenium;2
commons-httpclient;appengine;2
jchardet;icu4j;2
cxf;selenium;2
dozer;commons-lang;2
richfaces;slf4j;2
jchardet;jsch;2
easymock;commons-io;2
commons-lang;hibernate;2
xmlParserAPIs;slf4j;2
easymock;jmock;2
jmock;easymock;2
junit;snakeyaml;2
commons-lang;gson;2
concurrent;dbunit;2
log4j;spring;2
spring;xstream;2
hibernate;commons-codec;2
xmlParserAPIs;osgi;2
commons-beanutils;slf4j;2
spring;commons-beanutils;2
jruby;js;2
dom4j;netty;2
jline;commons-exec;2
junit;bouncycastle;2
jorbis;commons-lang;2
plugin;json-lib;2
backport-util-concurrent;commons-io;2
gson;commons-codec;2
org.eclipse.swt;spring;2
protobuf-java;hawtbuf;2
guava;xmlParserAPIs;2
commons-httpclient;winp;2
mysql-connector-java;commons-lang;2
pdfbox;apache-tika;2
jorbis;jpf;2
swing-worker;opencsv;2
jorbis;timingframework;2
log4j;mogwee;2
apache-mina;xmlParserAPIs;2
hibernate;struts;2
colt;itext;2
avalon;commons-logging;2
ddlutils;ehcache;2
ant;xmlParserAPIs;2
commons-pool;mockito;2
swing-worker;itext;2
slf4j;mockito;2
hsqldb;hibernate;2
xmlParserAPIs;gson;2
org.eclipse.swt;asm;2
testng;commons-io;2
cxf;shrinkwrap;2
mysql-connector-java;hsqldb;2
josql;jackson;2
aspectjweaver;lucene;2
org.eclipse.jdt.core;guava;2
xSocket;bsf;2
xstream;maven;2
jetty-mortbay;httpcore;2
ddlutils;commons-pool;2
jnpserver;selenium;2
commons-lang;appengine;2
ant;gson;2
jboss;junit;2
tritonus_share;fuse;2
swing-worker;collections-generic;2
commons-io;amqp-client;2
jnpserver;mockito;2
ant;httpcore;2
gwt-log;netty;2
org.json;velocity;2
json-simple;commons-dbcp;2
commons-beanutils;commons-fileupload;2
junit;jsoup;2
commons-collections;ant;2
tritonus_share;swingx;2
args4j;commons-beanutils;2
commons-lang;hamcrest;2
appengine;mockito;2
commons-logging;hsqldb;2
asm;ant;2
derby;mockito;2
jetty-mortbay;slf4j;2
slf4j;junit;2
log4j;ant;2
jorbis;swingx;2
apache-myfaces;jmock;2
commons-dbcp;log4j;2
commons-beanutils;log4j;2
oscache;spymemcached;2
wss4j;mockito;2
log4j;asm;2
concurrent;backport-util-concurrent;2
jgoodies;jpf;2
xmlParserAPIs;maven;2
josql;spring;2
commons-codec;jython;2
pcj;guava;2
colt;miglayout;2
commons-logging;easymock;2
jmock;lwjgl;1
commons-logging;infinispan;1
xdoclet;xerces;1
commons-collections;commons-lang;1
concurrent;jarjar;1
commons-lang;commons-collections;1
yuicompressor;cxf;1
commons-beanutils;guava-testlib;1
lucene;jdom;1
jaxb2-basics-runtime;testng;1
gwt-google;jline;1
velocity;commons-codec;1
jbullet;jME3-jbullet;1
Permissions;bukkit-permissions;1
log4j;gson;1
commons-beanutils;derby;1
jyaml;snakeyaml;1
jasper;juli;1
icu4j;velocity;1
commons-validator;ant;1
pcj;caliper;1
gunit;scannotation;1
bsh;groovy;1
yuicompressor;spring;1
oscache;jxl;1
commons-pool;eclipselink;1
jetty-mortbay;commons-io;1
idb;jmock;1
xerces;sqlite-jdbc;1
xmlParserAPIs;fastutil;1
hsqldb;lucene;1
commons-logging;powermock;1
commons-configuration;struts2;1
avalon;groovy;1
hadoop;gwt-google;1
serializer;httpcore;1
junit;dom4j;1
resin;commons-math;1
idb;slf4j;1
weld;guava;1
apacheds;itext;1
cucumber;commons-logging;1
mysql-connector-java;sqlite-jdbc;1
easymock;commons-beanutils;1
jython;asm;1
junit-addons;xom;1
commons-lang;cglib;1
commons-configuration;httpcore;1
joda-time;junit;1
junit;joda-time;1
cglib;groovy;1
commons-logging;bouncycastle;1
commons-cli;args4j;1
kahadb;js;1
derby;commons-httpclient;1
jbossjts;resteasy;1
htmlunit;applejavaextensions;1
hk2;jackson;1
jackson;hk2;1
jaxme;commons-lang;1
bcel;oscache;1
batik;ant;1
oro;struts2;1
jcommon;commons-math;1
httpclient;scribe;1
axis2;castor;1
httpclient;amqp-client;1
ganymed-ssh;jsch;1
commons-io;javaparser;1
commons-lang;tomcat;1
jasypt;log4j;1
opencsv;infinispan;1
easymock;commons-jxpath;1
jackson;glassfish;1
commons-logging;dozer;1
asm;mockito;1
velocity;junit;1
jbehave;jmock;1
colt;commons-logging;1
jwnl;gson;1
kahadb;gwt-google;1
aspectjweaver;asm;1
amqp-client;commons-lang;1
easymock;cglib;1
cucumber;dbunit;1
junit;icu4j;1
jasper;guice;1
jcifs;jacorb;1
log4j;geronimo;1
dbunit;mysql-connector-java;1
mysql-connector-java;dbunit;1
freemarker;slf4j;1
mysql-connector-java;spring;1
spring;commons-configuration;1
spring;hibernate;1
hibernate;spring;1
spring;httpclient;1
org.eclipse.jdt.core;antlr;1
backport-util-concurrent;greenmail;1
antlr;groovy;1
spring;slf4j;1
hadoop;async;1
jacorb;jboss;1
js;mysql-connector-java;1
jcip-annotations;slf4j;1
aopalliance;aspectjweaver;1
jasperreports;josql;1
commons-collections;h2;1
async-http-client;slf4j;1
commons-fileupload;guice;1
ant;opennlp;1
hamcrest;appframework;1
xstream;aether-connector;1
xerces;AppleJavaExtensions;1
struts2;guava;1
velocity;httpcore;1
smack;android-directionalviewpager;1
junit;picocontainer;1
httpcore;jsoup;1
pluto;backport-util-concurrent;1
xbean;shared-ldap;1
xstream;jline;1
apache-tika;ezmorph;1
joda-time;commons-codec;1
httpcore;zookeeper;1
xerces;xalan;1
reflections;xmlParserAPIs;1
log4j;blueprints;1
xmlParserAPIs;aduna-commons-iteration;1
commons-httpclient;mahout;1
testng;maven;1
xmlunit;saxon;1
jboss;oauth;1
jide-oss;jcommon;1
sitemesh;freemarker;1
commons-dbcp;unitils;1
commons-codec;jcommander;1
junit;hk2;1
dwr;junit;1
jcommon;openide-lookup;1
hbase;hadoop-hive;1
Permissions;httpcore;1
jmock;commons-httpclient;1
antlr;IntelliJIdea;1
org.json;xstream;1
jasperreports;hibernate;1
hibernate;jasperreports;1
bukkit;trove4j;1
xmlParserAPIs;pax;1
jaxme;xml-resolver;1
swing-layout;jfreechart;1
axis;httpmime;1
jaxen;aspectjweaver;1
commons-logging;freemarker;1
filters;sanselan;1
xmlParserAPIs;commons-email;1
bsh;maven;1
jackson;mockito;1
xerces;hadoop-hive;1
org.json;openrdf;1
swingx;aspectjweaver;1
hadoop;asynchbase;1
htmlcompressor;commons-lang;1
je;commons-compress;1
eclipselink;dbunit;1
plugin;imgscalr-lib;1
commons-configuration;ini4j;1
ognl;ant;1
org.json;jmock;1
icu4j;commons-httpclient;1
ehcache;jackson;1
commons-io;acra;1
xmlrpc;pax;1
js;commons-compress;1
jcifs;bsf;1
hsqldb;jetty-client;1
commons-codec;primefaces;1
poi;derby;1
commons-configuration;freemarker;1
jacorb;tomcat;1
bsh;javolution;1
ajax4jsf;appengine;1
struts2;jsoup;1
velocity;json-lib;1
json-lib;velocity;1
jboss;jackrabbit;1
http-builder;commons-logging;1
eclipselink;selenium;1
org.restlet;tapestry;1
commons-lang;commons-email;1
commons-email;commons-lang;1
xmlParserAPIs;applejavaextensions;1
jdom;commons-cli;1
commons-beanutils;doxia;1
webwork;guice;1
h2;mysql-connector-java;1
mysql-connector-java;h2;1
javolution;json-lib;1
groovy;clojure;1
jaxen;lombok;1
commons-codec;hk2;1
xwork-core;fest;1
shared-ldap;org.wikimodel.wem;1
bsh;httpclient;1
log4j;openejb;1
standard;commons-compress;1
commons-validator;sitemesh;1
stringtemplate;mvel2;1
commons-jelly;org.eclipse.jdt.core;1
jline;jboss;1
dom4j;commons-lang;1
morphia;guice;1
zookeeper;jug;1
testng;jboss;1
idb;commons-math;1
mysql-connector-java;jfreechart;1
tomcat;c3p0;1
guice;osgi;1
commons-configuration;dom4j;1
commons-beanutils;commons-httpclient;1
xstream;jackson;1
commons-io;grizzly;1
ecore;junit;1
commons-lang;argo;1
axis;guava;1
akka-actor;commons-io;1
appframework;commons-codec;1
maven;jcommander;1
postgresql;blazeds;1
checkstyle;commons-lang;1
htmlcleaner;nekohtml;1
svnkit;hsqldb;1
jsch;appengine;1
juli;jetty-mortbay;1
hbase;gwt-google;1
swing-layout;jide-oss;1
ognl;jackson;1
urlrewrite;xml-resolver;1
mysql-connector-java;tomcat;1
xstream;dom4j;1
saxon;mysql-connector-java;1
itext;asm;1
xmlParserAPIs;simple-xml;1
itext;subethasmtp;1
opencsv;httpcore;1
org.eclipse.jdt.core;commons-io;1
xwork-core;jackson;1
commons-codec;glassfish;1
classworlds;insight;1
slf4j;c3p0;1
xalan;jsoup;1
easymock;httpcore;1
swingx;httpclient;1
junit;dnsjava;1
scala;guice;1
xmlParserAPIs;spring;1
commons-logging;async-http-client;1
twitter4j;testng;1
neo4j;blueprints;1
commons-pool;collections-generic;1
aopalliance;joda-time;1
swingx;hibernate;1
org.eclipse.swt;icu4j;1
junit;jinterface;1
javolution;jung;1
backport-util-concurrent;org.restlet;1
commons-codec;esapi;1
groovy;greenmail;1
db4o;org.eclipse;1
pdfbox;commons-lang;1
jetty-mortbay;commons-el;1
xmlParserAPIs;commons-collections;1
commons-collections;xmlParserAPIs;1
log4j;oscache;1
ajax4jsf;json-lib;1
log4j;arquillian;1
groovy;aspectjweaver;1
shared-ldap;itext;1
xerces;junitperf;1
zweb;lambdaj;1
pull-parser;ant;1
slf4j;weld;1
org.json;scala;1
xerces;xmlgraphics-commons;1
filters;jpf;1
jetty-mortbay;opennlp;1
xerces;xmlParserAPIs;1
hamcrest;jansi;1
jdom;guice;1
solder;mockito;1
jetty-mortbay;tapestry;1
slf4j;isorelax;1
commons-lang;icefaces;1
asm;markdownj;1
jgroups;jmockit;1
odfdom-java;slf4j;1
jemmy;jinterface;1
yuicompressor;junit;1
commons-vfs;xmlParserAPIs;1
akka-actor;jline;1
argo;jmock;1
commons-lang;jmock;1
itext;velocity;1
log4j;hsqldb;1
bcel;jfreechart;1
commons-configuration;balloontip;1
classworlds;commons-logging;1
jopt-simple;commons-cli;1
piccolo2d;json-path;1
backport-util-concurrent;maven;1
tomcat;commons-logging;1
jcommander;protobuf-java;1
oro;xmlParserAPIs;1
groovy;jedis;1
jaxen;commons-cli;1
log4j;plexus;1
openjpa;metadata-extractor;1
eclipselink;commons-codec;1
json-lib;subethasmtp;1
postgresql;commons-pool;1
freemarker;mockito;1
javolution;guava;1
zweb;hamcrest;1
guice;icu4j;1
commons-logging;org.restlet;1
smack;applejavaextensions;1
quartz;json-path;1
applejavaextensions;jcommon;1
jsyntaxpane;xom;1
commons-httpclient;gxt;1
oro;maven;1
tritonus_share;junit;1
db4o;wrapper;1
json-lib;json-simple;1
commons-lang;hadoop;1
xmlParserAPIs;appengine;1
jline;log4j;1
log4j;jline;1
jacorb;jgroups;1
httpclient;junit;1
xmlParserAPIs;jetty-mortbay;1
jsch;commons-math;1
jetty-mortbay;xmlParserAPIs;1
commons-pool;shared-i18n;1
tomcat;struts2;1
jsch;lambdaj;1
commons-lang;selenium;1
org.eclipse.jface;spring;1
heroku-api;amqp-client;1
webwork;stripes;1
commons-httpclient;infinispan;1
postgresql;slf4j;1
querydsl;wro4j;1
backport-util-concurrent;easymock;1
org.restlet;jetty-mortbay;1
org.eclipse.jdt.core;maven;1
lucene;commons-io;1
AppleJavaExtensions;ehcache;1
asm;guice;1
org.restlet;commons-cli;1
itext;geronimo;1
velocity;jackson;1
icu4j;commons-fileupload;1
mvel2;hamcrest;1
commons-vfs;backport-util-concurrent;1
commons-beanutils;hector;1
jwnl;commons-io;1
oro;saxon;1
maven;slf4j;1
jsecurity;netty;1
jboss;slf4j;1
jacorb;xerces;1
junit;commons-lang;1
aopalliance;commons-io;1
AppleJavaExtensions;swingx;1
mysql-connector-java;jpf;1
jcifs;javacc;1
spring;httpcore;1
concurrentlinkedhashmap-lru;jetty-mortbay;1
gwt-log;log4j;1
jdom;icu4j;1
testng;commons-logging;1
commons-logging;testng;1
xerces;commons-collections;1
struts2;pax;1
db4o;commons-httpclient;1
xmlsec;commons-codec;1
filters;swing-layout;1
jetty-mortbay;cxf;1
gunit;rsyntaxtextarea;1
lucene;httpmime;1
joda-time;velocity;1
aspectjweaver;jetty-mortbay;1
jetty-mortbay;aspectjweaver;1
commons-pool;org.eclipse.jdt.core;1
xstream;mockito;1
mysql-connector-java;commons-codec;1
hsqldb;jackson;1
reflections;slf4j;1
derby;shared-cursor;1
maven;http-client-experimental;1
async-http-client;pax;1
dbunit;postgresql;1
javassist;jdom;1
asm;slf4j;1
ant;maxent;1
commons-lang;inflector;1
sitemesh;slf4j;1
kahadb;commons-beanutils;1
spring;pax;1
axion;jmock;1
hsqldb;freemarker;1
freemarker;hsqldb;1
commons-logging;xmlunit;1
snakeyaml;hamcrest;1
hazelcast;activemq-ra;1
activemq-ra;hazelcast;1
joda-time;guice;1
commons-io;commons-codec;1
commons-configuration;commons-cli;1
solr;pdfbox;1
apacheds;json-lib;1
scale7-core;jcommander;1
shared-ldif;itext;1
grizzly;gson;1
lambdaj;sitemesh;1
sitemesh;lambdaj;1
tomcat;jetty-mortbay;1
mysql-connector-java;mockito;1
opencsv;commons-codec;1
struts2;ant;1
xwork-core;joda-time;1
backport-util-concurrent;groovy;1
hibernate;jdom;1
freemarker;selenium;1
jboss;tomcat;1
hibernate;seam;1
json-lib;netty;1
easymock;jasypt;1
xmlunit;mockito;1
commons-jelly;org.eclipse;1
akka-actor;hamcrest;1
org.json;dom4j;1
hsqldb;h2;1
h2;hsqldb;1
jmock;commons-beanutils;1
commons-beanutils;jmock;1
junit;commons-exec;1
akka-actor;osgi;1
xmlbeans;ant;1
hamcrest;ant;1
ant;hamcrest;1
dwr;jcip-annotations;1
svenson;commons-codec;1
hsqldb;args4j;1
idb;tapestry;1
lucene;freemarker;1
xmlParserAPIs;openide-lookup;1
xom;xmlParserAPIs;1
glassfish;derby;1
opencsv;derby;1
xmlbeans;commons-httpclient;1
junit;org.eclipse;1
gson;java-rdfa;1
fastutil;lucene;1
akka-actor;apache-felix;1
slf4j;xalan;1
junit;lwjgl;1
hibernate;org.restlet;1
jacorb;simple-xml;1
ognl;aether-connector;1
ant;slf4j;1
slf4j;ant;1
log4j;org.eclipse;1
aopalliance;jackson;1
org.eclipse;freemarker;1
commons-validator;xmlParserAPIs;1
eclipselink;arquillian;1
spring;commons-logging;1
lite;jetty-mortbay;1
yuicompressor;hamcrest;1
log4j;jython;1
ehcache;kahadb;1
commons-logging;perf4j;1
json-lib;jxl;1
dbunit;hbase;1
webwork;jxl;1
swingx;derby;1
derby;jmeter;1
concurrent;commons-httpclient;1
commons-lang;httpcore;1
xpp3;shared-dsml-parser;1
org.eclipse;org.restlet;1
xdoclet;javacc;1
svnkit;org.json;1
icu4j;commons-compress;1
osgi;mockito;1
stax-utils;hamcrest;1
httpclient;org.json;1
org.json;httpclient;1
struts;icu4j;1
oro;freemarker;1
findbugs;org.eclipse.jdt.core;1
ehcache;freemarker;1
geronimo;h2;1
commons-httpclient;liquibase;1
pircbot;commons-dbcp;1
reflections;dbunit;1
opencsv;hamcrest;1
urlrewrite;xalan;1
quartz;commons-lang;1
easymock;hsqldb;1
swing-layout;commons-lang;1
commons-pool;amqp-client;1
swingx;junit;1
groovy;shared-ldap;1
akka-actor;guava;1
abdera;json-lib;1
postgresql;hsqldb;1
commons-dbcp;guava;1
oro;h2;1
jasperreports;junit;1
substance;struts;1
jdom;slf4j;1
slf4j;jdom;1
junit;json-lib;1
jxlayer;swing-layout;1
jaxme;commons-cli;1
pcj;commons-collections;1
log4j;aduna-commons-iteration;1
httpasyncclient;commons-io;1
commons-beanutils;json-simple;1
itext;jmock;1
urlrewrite;xerces;1
testng;slf4j;1
slf4j;testng;1
ognl;velocity;1
xerces;xmlunit;1
aopalliance;freemarker;1
guice;org.restlet;1
tomcat;jackson;1
shrinkwrap;spring;1
commons-configuration;solr;1
httpunit;icefaces;1
commons-logging;mahout;1
gmbal-api-only;bndlib;1
pluto;solr;1
hibernate;log4j;1
log4j;hibernate;1
jacorb;antlr;1
richfaces;org.wikimodel.wem;1
Permissions;guava;1
commons-pool;jmock;1
concurrent;commons-codec;1
stringtemplate;lambdaj;1
commons-httpclient;async-http-client;1
geronimo;AppleJavaExtensions;1
activemq-ra;gson;1
stringtemplate;jung;1
riak-client;testng;1
fop;mysql-connector-java;1
glassfish;poi;1
backport-util-concurrent;commons-lang;1
jline;jackson;1
tomcat;flatpack;1
shared-ldap;apacheds;1
jboss;commons-fileupload;1
jacorb;colt;1
richfaces;jackrabbit;1
cglib;junit;1
junit;cglib;1
scannotation;bval;1
hamcrest;commons-collections;1
commons-collections;hamcrest;1
commons-logging;commons-beanutils;1
ognl;fest;1
jsch;amqp-client;1
commons-pool;commons-collections;1
amqp-client;netty;1
glassfish;jmeter;1
commons-configuration;stringtemplate;1
concurrent;jung;1
commons-dbcp;c3p0;1
xmlParserAPIs;castor;1
plexus;slf4j;1
xerces;commons-io;1
xalan;hsqldb;1
commons-cli;apache-felix;1
swing-layout;slf4j;1
dwr;freemarker;1
classworlds;aspectjweaver;1
lucene;commons-codec;1
velocity;slf4j;1
applejavaextensions;junit;1
junit;applejavaextensions;1
swingx;h2;1
httpunit;jwebunit;1
commons-beanutils;xdocreport;1
xmlrpc;aether-connector;1
jbehave;commons-io;1
junit;jackson;1
jboss;gherkin;1
commons-net;mysql-connector-java;1
mysql-connector-java;commons-net;1
fop;derby;1
ant;xstream;1
guava-testlib;aws-java-sdk;1
standard;jsoup;1
kahadb;commons-logging;1
commons-logging;bridj;1
commons-vfs;commons-io;1
bsh;httpcore;1
xmlrpc;commons-compress;1
mysql-connector-java;bonecp;1
swing-layout;jgrapht;1
plexus;junit;1
tomcat;commons-email;1
jide-oss;scala;1
maven;cometd;1
httpasyncclient;smack;1
jwnl;testng;1
netty;commons-math;1
quartz;yuicompressor;1
commons-email;icefaces;1
poi;seam;1
junit;jogl.all;1
org.eclipse.jface;freemarker;1
gson;guice;1
groovy;apache-camel;1
struts2;fest;1
commons-codec;commons-compress;1
jetty-mortbay;lambdaj;1
jython;jackson;1
xmlParserAPIs;jline;1
httpcore;commons-io;1
ecore;icu4j;1
commons-lang;resteasy;1
signpost;org.json;1
commons-logging;pax;1
mchange-commons-java;h2;1
async-http-client;h2;1
commons-httpclient;groovy;1
gson;args4j;1
js;cxf;1
commons-httpclient;gdata;1
spring;poi;1
httpclient;commons-httpclient;1
stringtemplate;jsoup;1
stripes;gwt-google;1
easymock;junit-addons;1
commons-beanutils;cassandra;1
geronimo;mockito;1
xerces;derby;1
ant;logback;1
http-builder;commons-lang;1
hibernate;logback;1
commons-lang;arquillian;1
jboss;activemq-ra;1
log4j;ebean;1
commons-collections;lambdaj;1
slf4j;org.restlet;1
org.restlet;slf4j;1
bcel;maven;1
groovy;smack;1
filters;junit;1
ant;derby;1
groovy;commons-cli;1
xmlbeans;xmltooling;1
svnkit;guava;1
struts;asm;1
jline;commons-httpclient;1
testng;logkit;1
htmlunit;commons-codec;1
jacorb;lwjgl;1
xmlbeans;derby;1
jxl;commons-logging;1
commons-dbcp;commons-compress;1
serializer;commons-io;1
svnkit;commons-io;1
xwork-core;jsoup;1
h2;xmlParserAPIs;1
backport-util-concurrent;resteasy;1
hadoop;spymemcached;1
xmlParserAPIs;jcommander;1
swing-layout;xmlParserAPIs;1
xstream;jfreechart;1
junit;ant;1
commons;initiator;1
fastutil;httpcore;1
asm;commons-cli;1
struts;openejb;1
testng;tomcat;1
struts2;commons-compress;1
concurrent;h2;1
commons-email;high-scale-lib;1
junit;h2;1
testng;arquillian;1
nailgun;tiger-types;1
commons-httpclient;jackrabbit;1
jdom;bsh;1
piccolo2d;httpcore;1
jcommon;quartz;1
commons-pool;ehcache;1
lucene;cassandra;1
minecraft-server;reflectasm;1
commons-fileupload;hibernate;1
jzlib;junit;1
oro;js;1
httpasyncclient;gson;1
org.json;javassist;1
derby;hsqldb;1
axis;xerces;1
commons-codec;bouncycastle;1
bouncycastle;commons-codec;1
lombok;junit;1
junit;lombok;1
jamon;gwt-google;1
org.restlet;org.wikimodel.wem;1
testng;joda-time;1
mockobjects;htmlunit;1
httpcore;org.json;1
junit;concurrent;1
org.json;httpcore;1
jogl.all;slick;1
argo;xmlParserAPIs;1
pluto;apacheds;1
fitnesse;log4j;1
jcifs;jython;1
commons-codec;disruptor;1
commons-httpclient;org.json;1
activemq-ra;hsqldb;1
standard;jackson;1
jruby;snakeyaml;1
bcel;geronimo;1
opencsv;arquillian;1
jmockit;hazelcast;1
poi;commons-io;1
pax;bndlib;1
jetty-mortbay;jclouds;1
log4j;trident;1
powermock;derby;1
javolution;jbullet;1
hsqldb;plexus;1
log4j;play;1
amqp-client;disruptor;1
commons-logging;commons-configuration;1
phys2d;lwjgl;1
groovy;maven-webdav;1
jboss;quartz;1
commons-codec;elasticsearch;1
sigar;javassist;1
xmlParserAPIs;derby;1
commons-cli;aduna-commons-iteration;1
cucumber;scala;1
jettison;ehcache;1
jetty-mortbay;junit-addons;1
junit;requestfactory;1
filters;commons-logging;1
args4j;lambdaj;1
commons-lang;xerces;1
jcifs;jsch;1
jaxme;greenmail;1
lucene;hibernate;1
hibernate;lucene;1
xstream;akka-actor;1
guava;aws-java-sdk;1
xerces;h2;1
gson;amqp-client;1
commons-fileupload;org.wikimodel.wem;1
junit;unitils;1
vaadin;httpcore;1
Permissions;httpclient;1
aopalliance;blazeds;1
jettison;saxon;1
ant;commons-logging;1
htmlcompressor;jopt-simple;1
commons-logging;ant;1
xstream;scala;1
lucene;perf4j;1
slf4j;httpclient;1
log4j;jsch;1
httpclient;slf4j;1
groovy;jline;1
commons-pool;inflector;1
xstream;slf4j;1
vaadin;osgi;1
jetty-mortbay;libthrift;1
xmlParserAPIs;aether-connector;1
ant;org.json;1
tomcat;commons-codec;1
dnsjava;slf4j;1
reflections;unitils;1
itext;jasperreports;1
selenium;flyway;1
richfaces;json-lib;1
slf4j;commons-httpclient;1
mockito;commons-codec;1
swingx;xstream;1
webwork;itext;1
solder;testng;1
hibernate;richfaces;1
appframework;log4j;1
ant;glassfish;1
commons-httpclient;jcommon;1
axis2;commons-httpclient;1
hamcrest;equalsverifier;1
commons-beanutils;commons-cli;1
commons-codec;tiger-types;1
org.restlet;httpclient;1
dwr;commons-io;1
dom4j;twitter4j;1
mysql-connector-java;org.restlet;1
jdbm;derby;1
httpcore;amqp-client;1
commons-dbcp;shared-cursor;1
maven;hawtbuf;1
commons-lang;AppleJavaExtensions;1
zweb;commons-beanutils;1
htmlcompressor;hibernate;1
svnkit;httpclient;1
xmlParserAPIs;commons-cli;1
commons-cli;xmlParserAPIs;1
commons-codec;netty;1
backport-util-concurrent;log4j;1
shared-ldap;jline;1
log4j;oro;1
swing-layout;substance;1
jcommander;jinput;1
saxon;jtds;1
db4o;scala;1
log4j;guava;1
js;pax;1
c3p0;commons-compress;1
httpasyncclient;commons-cli;1
easymock;commons-collections;1
jboss;commons-logging;1
sqlite-jdbc;hibernate;1
ognl;pax;1
bouncycastle;jython;1
mysql-connector-java;selenium;1
log4j;fest;1
lucene;json-simple;1
swing-layout;java-getopt;1
commons-lang;maven;1
jdom;jetty-mortbay;1
jdom;commons-io;1
stanford-corenlp;lucene-snowball;1
postgresql;sqlite-jdbc;1
jericho-html;htmlparser;1
jackson;mogwee;1
mysql-connector-java;gwt-google;1
datanucleus;slf4j;1
snakeyaml;jzlib;1
appframework;jpf;1
bsh;tomcat;1
org.json;jcommon;1
jruby;log4j;1
commons-dbcp;slf4j;1
commons-logging;seam;1
jxlayer;commons-codec;1
mockobjects;jansi;1
xmlParserAPIs;gwt-google;1
jericho-html;xstream;1
commons-configuration;jackson;1
tomcat;bson;1
avalon;jsch;1
commons-logging;asm;1
javaruntype;gentyref;1
roboguice;android-directionalviewpager;1
junit;tiger-types;1
backport-util-concurrent;jasperreports;1
xdoclet;groovy;1
commons-logging;commons-fileupload;1
osgi;junit-addons;1
trove4j;commons-logging;1
xerces;jtds;1
jython;groovy;1
jettison;commons-cli;1
commons-beanutils;plugin;1
doxia;gson;1
spring;commons-collections;1
backport-util-concurrent;shared-ldap;1
gwt-google;smack;1
testng;gson;1
log4j;lambdaj;1
lwjgl;jinput;1
commons-net;slf4j;1
json-simple;dom4j;1
kahadb;hazelcast;1
asm;junit;1
cucumber;velocity;1
xmlParserAPIs;commons-configuration;1
commons-jelly;osgi;1
avalon;commons-net;1
jetty-mortbay;nekohtml;1
xmlParserAPIs;je;1
commons-lang;equalsverifier;1
org.eclipse.jdt.core;jsch;1
jackson;guice;1
mvel2;slf4j;1
appframework;commons-configuration;1
groovy;pax;1
freemarker;tapestry;1
httpcore;scribe;1
commons-codec;log4j;1
axis2;org.eclipse.jface;1
applejavaextensions;xstream;1
lucene;compass;1
xwork-core;aether-connector;1
commons-codec;requestfactory;1
jboss;resteasy;1
commons-collections;hsqldb;1
pircbot;junit;1
fop;postgresql;1
jyaml;jboss;1
richfaces;jdom;1
commons-collections;httpcore;1
qdox;guice;1
org.eclipse.jdt.core;jasper;1
castor;commons-codec;1
itext;commons-math;1
base64;twitter4j;1
struts;xwork-core;1
org.eclipse.jdt.core;commons-exec;1
ehcache;fitnesse;1
reflections;android;1
log4j;xmlParserAPIs;1
xmlParserAPIs;log4j;1
org.json;swingx;1
commons-lang;ehcache;1
jaxen;smack;1
javolution;esapi;1
jline;commons-lang;1
js;jmock;1
guava;h2;1
guice;aws-java-sdk;1
commons-io;json-lib;1
json-lib;commons-io;1
commons-validator;spring;1
xmlParserAPIs;dbunit;1
poi;hadoop-hive;1
org.json;flexjson;1
jsyntaxpane;jide-oss;1
scala;mvel2;1
mysql-connector-java;hamcrest;1
groovy;log4j;1
log4j;groovy;1
httpclient;wss4j;1
geronimo;ehcache;1
hsqldb;tomcat;1
shared-ldif;osgi;1
icu4j;aopalliance;1
vaadin;lucene;1
aopalliance;groovy;1
jdom;liquibase;1
junit;robotium-solo;1
commons-lang;smack;1
org.restlet;postgresql;1
postgresql;itext;1
jakarta-regexp;jlayer;1
testng;jacorb;1
commons-logging;osgi;1
freemarker;groovy;1
jmock;netty;1
solr;juniversalchardet;1
appframework;sanselan;1
log4j;zweb;1
resin;lambdaj;1
lucene;spymemcached;1
guava;jmockit;1
gwt-google;httpcore;1
bcel;openejb;1
vaadin;jython;1
scale7-core;opencsv;1
acegi-security;groovy;1
jxlayer;junit;1
itext;oscache;1
oscache;itext;1
easymock;guava;1
stanford-corenlp;jena-core;1
pellet;icu4j;1
xmlParserAPIs;objectify;1
stringtemplate;collections-generic;1
commons-httpclient;httpunit;1
martyr;jpf;1
quartz;org.wikimodel.wem;1
backport-util-concurrent;httpcore;1
gwt-google;jackson;1
jackson;gwt-google;1
oro;commons-logging;1
lucene;joda-time;1
slf4j;spymemcached;1
reflections;juli;1
slf4j;saxon;1
xerces;mockito;1
commons-io;guava;1
commons-math;commons-lang;1
junit;smack;1
commons-logging;httpclient;1
commons-net;jboss;1
jboss;groovy;1
opencsv;slf4j;1
org.restlet;httpcore;1
weka;maxent;1
fop;itext;1
jcip-annotations;junit;1
sqlite-jdbc;mongo-java-driver;1
hadoop;webbit;1
infinispan;js;1
rxtx;zweb;1
asm;inflector;1
xom;xmlunit;1
richfaces;xmlunit;1
xpp3;httpclient;1
backport-util-concurrent;smack;1
hsqldb;commons-dbcp;1
log4j;equalsverifier;1
commons-io;rsyntaxtextarea;1
htmlcompressor;jboss;1
slf4j;netty;1
maven;osgi;1
geronimo;inflector;1
jsmaa-lib;commons-math;1
richfaces;appengine;1
commons-cli;xmlunit;1
commons-logging;org.eclipse.jface;1
commons-logging;commons-dbcp;1
jorbis;jinput;1
scannotation;javarebel-sdk;1
avalon;jacorb;1
appframework;android;1
scannotation;javassist;1
selenium;spring;1
shared-ldif;jgss;1
mockobjects;commons-logging;1
antlr;jaxen;1
xerces;postgresql;1
commons-io;jmockit;1
hibernate;derby;1
ant;jsch;1
struts;plexus;1
commons-collections;abdera;1
org.eclipse.jface;javassist;1
javassist;org.eclipse.jface;1
tomcat;subethasmtp;1
tomcat;velocity;1
aspectjweaver;struts2;1
spring;commons-io;1
easymock;jsecurity;1
smack;lwjgl;1
com.noelios.restlet;json-lib;1
commons-beanutils;dojo-shrinksafe;1
mysql-connector-java;dom4j;1
kahadb;vaadin;1
java-getopt;slf4j;1
martyr;ant;1
hsqldb;spring;1
xerces;qdox;1
scannotation;commons-httpclient;1
mockobjects;jwebunit;1
hadoop;perf4j;1
mockobjects;slf4j;1
hibernate;org.json;1
jericho-html;swingx;1
poi;xmlParserAPIs;1
scala;jung;1
guava;grizzly;1
jcifs;groovy;1
jfreechart;log4j;1
dozer;commons-cli;1
sitemesh;jsoup;1
protobuf-java;xmlParserAPIs;1
commons-lang;shrinkwrap;1
activemq-ra;osgi;1
opensaml;commons-httpclient;1
struts2;joda-time;1
itext;poi;1
poi;itext;1
activemq-ra;jgss;1
shared-dsml-parser;apacheds;1
slf4j;jmock;1
testng;shrinkwrap;1
svnkit;jasper;1
osgi;cxf;1
testng;blazeds;1
dbunit;c3p0;1
fastutil;guava;1
hamcrest;freemarker;1
freemarker;hamcrest;1
xmlParserAPIs;bsh;1
org.eclipse.jdt.core;jetty-mortbay;1
jaxme;smack;1
sqlite-jdbc;bson;1
tomahawk;gdata;1
guava;jackson;1
nailgun;gwt-google;1
jorbis;jbullet;1
swing-layout;maven;1
struts;oscache;1
httpclient;log4j;1
org.eclipse.jdt.core;cargo;1
libthrift;hector;1
AppleJavaExtensions;eventbus;1
xmlrpc;fest;1
htmlparser;xerces;1
swingx;jcip-annotations;1
je;junit;1
aspectjweaver;slf4j;1
jaxen;commons-lang;1
xmlParserAPIs;ical4j;1
ical4j;TableLayout;1
log4j;velocity;1
junit;glassfish;1
org.json;xmlParserAPIs;1
scannotation;bson;1
xmlParserAPIs;org.json;1
guava-testlib;commons-codec;1
acegi-security;httpunit;1
jetty-mortbay;objectify;1
jetty-mortbay;groovy;1
jxl;struts2;1
dwr;lucene;1
log4j;commons-httpclient;1
maven;mockito;1
urlrewrite;ant;1
scale7-core;powermock;1
log4j;hamcrest;1
jxlayer;commons-logging;1
rxtx;slf4j;1
akka-actor;commons-pool;1
json-lib;org.json;1
appframework;gson;1
xwork-core;commons-io;1
opencsv;org.wikimodel.wem;1
commons-beanutils;hamcrest;1
ehcache;struts2;1
easymock;commons-lang;1
commons-lang;xstream;1
spring;commons-el;1
joda-time;commons-math;1
picocontainer;commons-collections;1
commons-digester;poi;1
commons-cli;hibernate;1
xalan;spring;1
spring;xbean;1
velocity;httpclient;1
commons-io;org.restlet;1
dom4j;swingx;1
blazeds;acegi-security;1
h2;mockito;1
commons-httpclient;commons-fileupload;1
mysql-connector-java;tapestry;1
commons-fileupload;json-lib;1
commons-logging;hamcrest;1
opencsv;dbunit;1
org.eclipse.jdt.core;velocity;1
jacorb;simple;1
axis;commons-dbcp;1
jetty-mortbay;commons-math;1
kxml2;bouncycastle;1
relaxngDatatype;selenium;1
junit;jbullet;1
reflections;httpclient;1
xmlbeans;jibx;1
shared-i18n;apacheds;1
mysql-connector-java;jnpserver;1
opencsv;mockito;1
jaxen;xml-resolver;1
commons-lang;lombok;1
jaxme;aspectjweaver;1
poi;postgresql;1
colt;hppc;1
jmock;freemarker;1
gmbal-api-only;xerces;1
sqlite-jdbc;commons-io;1
ehcache;lucene;1
commons-httpclient;junit-addons;1
commons-io;solder;1
jibx;jackson;1
junit;gwt-google;1
commons-logging;apache-mina;1
poi;h2;1
hamcrest;dozer;1
hsqldb;testng;1
xstream;commons-el;1
pellet;xmlParserAPIs;1
appframework;swing-layout;1
junit;jacorb;1
commons-lang;cxf;1
spring;ehcache;1
itext;openejb;1
struts;jpf;1
dom4j;commons-el;1
commons-codec;guava;1
jacorb;log4j;1
ognl;jsoup;1
xmlParserAPIs;scala;1
commons-dbcp;javolution;1
urlrewrite;isorelax;1
ant;gwt-google;1
jclouds;aws-java-sdk;1
tomcat;lucene;1
stripes;joda-time;1
commons-io;tdb;1
jcifs;commons-net;1
org.eclipse;slf4j;1
jcifs;commons-logging;1
easymock;guice;1
slf4j;gwt-google;1
jaxen;greenmail;1
log4j;maven-webdav;1
xmlParserAPIs;maven-webdav;1
gwt-google;osgi;1
jettison;eclipselink;1
abdera;commons-logging;1
commons-io;velocity;1
commons-collections;sitemesh;1
hadoop;guava;1
dbunit;apache-felix;1
avalon;ant;1
commons-codec;nekohtml;1
log4j;itext;1
tiger-types;jackson;1
jackson;tiger-types;1
groovy;gson;1
jxl;lucene;1
ant;httpasyncclient;1
ezmorph;gwt-google;1
commons-beanutils;powermock;1
mvel2;guava;1
ganymed-ssh;slf4j;1
twitter4j;xpp3;1
eclipselink;dnsjava;1
selenium;hibernate;1
appframework;httpcore;1
commons-digester;js;1
tjws;commons-httpclient;1
velocity;junit-addons;1
weka;commons-math;1
itext;plexus;1
gin;commons-lang;1
xmlParserAPIs;akka-actor;1
bouncycastle;dom4j;1
dbunit;openjpa;1
jmock;guava;1
solr;gson;1
tomcat;log4j;1
TableLayout;rsyntaxtextarea;1
commons-vfs;dom4j;1
objectify;commons-io;1
eclipselink;equalsverifier;1
itext;lambdaj;1
gwt-google;jboss;1
collections-generic;hadoop;1
velocity;hamcrest;1
wicket;slf4j;1
requestfactory;jackson;1
jackson;requestfactory;1
jboss;arquillian;1
derby;abdera;1
openejb;AppleJavaExtensions;1
avalon;junit;1
synthetica;substance;1
pluto;shared-ldif;1
pluto;commons-fileupload;1
mysql-connector-java;commons-fileupload;1
oro;lucene;1
logkit;avalon;1
httpasyncclient;greenmail;1
bval;bson;1
xmlrpc;jsoup;1
testng;jsecurity;1
commons-lang;dbunit;1
json-lib;signpost;1
commons-beanutils;xerces;1
nailgun;gson;1
derby;junit;1
hadoop;slf4j;1
commons-lang;derby;1
pdfbox;osgi;1
slf4j;hadoop;1
jackson;slf4j;1
antlr;testng;1
guava;mongo-java-driver;1
hbase;async;1
jackson;mongo-java-driver;1
async-http-client;joda-time;1
nailgun;commons-io;1
juli;bson;1
json-lib;itext;1
pdfbox;junit;1
je;gwt-google;1
hadoop;org.restlet;1
aspectjweaver;blazeds;1
commons-logging;org.eclipse;1
velocity;tapestry;1
commons-logging;ehcache;1
ant;jakarta-regexp;1
junit;http-client-experimental;1
hbase;asynchbase;1
hsqldb;struts2;1
yuicompressor;c3p0;1
jackson;commons-codec;1
ognl;commons-fileupload;1
jcifs;js;1
hsqldb;dom4j;1
jdom;jglobus;1
hsqldb;lwjgl;1
db4o;je;1
je;db4o;1
appframework;commons-logging;1
xstream;commons-httpclient;1
commons-httpclient;xstream;1
junit;jug;1
httpcore;imgscalr-lib;1
imgscalr-lib;httpcore;1
httpunit;groovy;1
commons-fileupload;jetty-mortbay;1
commons-configuration;httpclient;1
antlr;appengine;1
mysql-connector-java;perf4j;1
xdoclet;xml-resolver;1
xerces;guice;1
json-lib;jackson;1
hbase;jetty-mortbay;1
c3p0;ehcache;1
bsh;junit;1
openejb;ehcache;1
backport-util-concurrent;itext;1
commons-lang;httpclient;1
martyr;commons-net;1
commons-dbcp;jmock;1
xpp3;acra;1
hamcrest;lwjgl;1
commons-collections;guice;1
mysql-connector-java;spymemcached;1
guice;slf4j;1
morphia;hamcrest;1
mvel2;clojure;1
commons-email;log4j;1
org.restlet;swingx;1
apache-tika;commons-logging;1
pcj;velocity;1
junit;jasypt;1
poi;ant;1
jgroups;ant;1
jtds;mysql-connector-java;1
akka-actor;joda-money;1
je;bouncycastle;1
commons-logging;derby;1
guice;commons-io;1
commons-jelly;org.eclipse.swt;1
testng;xmlParserAPIs;1
xmlParserAPIs;testng;1
log4j;freemarker;1
minecraft-server;mysql-connector-java;1
jmockit;concurrent;1
mule;log4j;1
jmock;findbugs;1
httpunit;dbunit;1
jbullet;jinput;1
testng;apache-tika;1
log4j;derby;1
derby;log4j;1
org.json;org.restlet;1
android;bouncycastle;1
smackx;lwjgl;1
bcel;dom4j;1
dom4j;bcel;1
commons-configuration;postgresql;1
bouncycastle;httpclient;1
httpclient;bouncycastle;1
kahadb;jsch;1
wss4j;cxf;1
jetty-mortbay;hsqldb;1
hsqldb;jetty-mortbay;1
json-lib;gson;1
xmlParserAPIs;jackrabbit;1
commons-logging;wicket;1
log4j;doxia;1
snakeyaml;commons-logging;1
oval;poi;1
xmlsec;httpclient;1
commons-codec;guice;1
backport-util-concurrent;commons-cli;1
hibernate;commons-collections;1
groovy;hamcrest;1
hadoop;jetty-mortbay;1
jericho-html;org.eclipse.jdt.core;1
jackson;simple-xml;1
nailgun;hk2;1
xalan;apache-tika;1
abdera;ezmorph;1
xmlParserAPIs;utils;1
xmlParserAPIs;jackson;1
postgresql;tapestry;1
xdoclet;commons-net;1
commons-betwixt;commons-digester;1
velocity;commons-fileupload;1
shared-i18n;apache-felix;1
xalan;saxon;1
jfreechart;commons-io;1
junit;jxl;1
cglib;org.restlet;1
jetty-mortbay;jena-core;1
commons-net;junit;1
log4j;mongo-java-driver;1
fastutil;httpclient;1
commons-collections;slf4j;1
commons-collections;jena-core;1
jena-core;commons-collections;1
commons-httpclient;commons-net;1
mysql-connector-java;vraptor;1
jcommon;hamcrest;1
je;htmlunit;1
groovy;commons-io;1
commons-io;groovy;1
db4o;freemarker;1
htmlparser;nekohtml;1
nekohtml;htmlparser;1
odfdom-java;commons-io;1
poi;jackson;1
hsqldb;nifty;1
aspectjweaver;mockito;1
commons-daemon;slf4j;1
log4j;j2ssh;1
jgoodies;cglib;1
nailgun;requestfactory;1
struts2;jackson;1
activemq-ra;commons-pool;1
commons-logging;org.eclipse.jdt.core;1
abdera;jboss;1
testng;findbugs;1
hamcrest;scannotation;1
commons-io;jackson;1
jackson;commons-io;1
quartz;gson;1
commons-io;sitemesh;1
testng;libvirt;1
ant;osgi;1
log4j;xerces;1
slf4j;backport-util-concurrent;1
cglib;objenesis;1
poi;sqlite-jdbc;1
javassist;osgi;1
swingx;httpcore;1
slide-webdavlib;jackrabbit;1
cucumber;mule;1
jaxb2-basics-runtime;xalan;1
hamcrest;jetty-mortbay;1
xalan;sshj;1
joda-time;commons-email;1
dnsjava;netty;1
ant;subethasmtp;1
commons-lang;commons-fileupload;1
jline;httpclient;1
commons-httpclient;jetty-mortbay;1
jetty-mortbay;jwebunit;1
cassandra;commons-lang;1
rxtx;commons-beanutils;1
log4j;jgroups;1
xstream;commons-configuration;1
hsqldb;maven;1
xmlunit;glassfish;1
jnpserver;commons-logging;1
cglib;guava;1
javolution;commons-validator;1
mysql-connector-java;fitlibrary;1
archetype-common;cometd;1
jsch;hamcrest;1
js;akka-actor;1
groovy;flexjson;1
xmlParserAPIs;commons-logging;1
xmlParserAPIs;netty;1
junit;mockito;1
pluto;shared-ldap;1
mysql-connector-java;jasperreports;1
jung;hadoop;1
vaadin;jline;1
osgi;hibernate;1
concurrent;jwebunit;1
svnkit;guice;1
resin;commons-beanutils;1
shared-i18n;osgi;1
ch-sevenzip;xz;1
concurrent;xmlParserAPIs;1
opencsv;commons-io;1
AppleJavaExtensions;jcommon;1
java-getopt;junit;1
scala;tomcat;1
javolution;jettison;1
ognl;jmock;1
itext;commons-beanutils;1
struts;maven;1
hamcrest;dnsjava;1
commons-lang;oval;1
standard;json-lib;1
mysql-connector-java;jmock;1
jamon;mvel2;1
ant;commons-io;1
jython;swingx;1
commons-digester;spring;1
spring;MockFtpServer;1
ant;tiger-types;1
osgi;freemarker;1
standard;fest;1
picocontainer;iogi;1
yuicompressor;commons-lang;1
commons-lang;joda-time;1
joda-time;commons-lang;1
hibernate;xmlParserAPIs;1
commons-logging;commons-io;1
jruby;jython;1
commons-cli;jewelcli;1
jfreechart;commons-math;1
mysql-connector-java;joda-time;1
commons-lang;jboss;1
lwjgl;eventbus;1
colt;jgroups;1
maven;gson;1
xstream;maven-webdav;1
lucene;org.restlet;1
jnpserver;oauth;1
Permissions;PermissionsEx;1
tomcat;commons-io;1
mockobjects;testng;1
smackx;applejavaextensions;1
guava-testlib;experimental;1
urlrewrite;saxon;1
swing-layout;commons-io;1
pcj;commons-lang;1
solr;jchardet;1
commons-logging;icu4j;1
easymock;httpunit;1
jetty-mortbay;lucene-snowball;1
avalon;bsf;1
commons-beanutils;smack;1
concurrent;jgoodies;1
slf4j;xml-resolver;1
apacheds;org.wikimodel.wem;1
scannotation;classmate;1
xmlParserAPIs;aspectjweaver;1
commons-digester;yuicompressor;1
mockito;commons-io;1
eclipselink;derby;1
testng;weld;1
commons-digester;commons-collections;1
activemq-ra;vaadin;1
junit;selenium;1
jbullet;nifty;1
commons-collections;commons-httpclient;1
android;commons-lang;1
jgoodies;snakeyaml;1
jtds;log4j;1
je;org.restlet;1
hsqldb;aspectjweaver;1
concurrent;joda-time;1
scannotation;aspectjweaver;1
Permissions;commons-collections;1
netty;hadoop;1
xom;httpcore;1
mongo-java-driver;collections-generic;1
xmltooling;httpclient;1
sshj;jsch;1
sqlite-jdbc;commons-lang;1
js;jline;1
mckoi;tapestry;1
jetty-mortbay;commons-beanutils;1
groovy;xml-resolver;1
hamcrest;tomcat;1
commons-email;mockito;1
spring;groovy;1
org.json;neo4j;1
activemq-ra;yuicompressor;1
swing-layout;rsyntaxtextarea;1
hibernate;jpf;1
timingframework;trident;1
guava;libvirt;1
axis;httpcore;1
idb;derby;1
stanford-corenlp;lucene;1
backport-util-concurrent;junit;1
c3p0;commons-io;1
xerces;icu4j;1
xmlParserAPIs;jdom;1
sqlite-jdbc;sqljet;1
derby;xstream;1
mg4j;junit;1
commons-logging;fastutil;1
jsch;j2ssh;1
hibernate;icu4j;1
itext;hamcrest;1
junit;mysql-connector-java;1
opencsv;httpclient;1
gwt-log;commons-io;1
jbehave;hamcrest;1
slf4j;groovy;1
groovy;slf4j;1
gwt-google;lucene;1
jxl;slf4j;1
slf4j;jxl;1
jedis;amqp-client;1
junit;org.eclipse.jdt.core;1
junit;commons-collections;1
colt;clojure;1
commons-fileupload;icefaces;1
axis;eclipselink;1
j2ssh;appengine;1
xalan;ant;1
openejb;inflector;1
stanford-corenlp;xmlParserAPIs;1
nekohtml;metadata-extractor;1
jdom;commons-net;1
jacorb;mysql-connector-java;1
commons-httpclient;jfreechart;1
reflections;spring;1
commons-codec;ganymed-ssh;1
commons-configuration;activemq-ra;1
jcommon;lambdaj;1
opencsv;json-lib;1
velocity;json-simple;1
commons-fileupload;struts2;1
org.eclipse.jgit;amqp-client;1
ij;slf4j;1
slf4j;gxt;1
junit;guice;1
guice;junit;1
httpclient;jsoup;1
tomcat;jmock;1
cryptix;log4j;1
easymock;jwebunit;1
jackson;xmemcached;1
hibernate;oscache;1
scannotation;commons-fileupload;1
concurrent;htmlunit;1
concurrent;osgi;1
je;spymemcached;1
spring;icu4j;1
org.eclipse.swt;velocity;1
mysql-connector-java;stanford-corenlp;1
minecraft-server;PermissionsEx;1
xdoclet;jacorb;1
testng;log4j;1
org.apache.servicemix.specs.saaj-api;zookeeper;1
dbunit;struts;1
dom4j;jboss;1
guava;geotools;1
commons-net;c3p0;1
je;slf4j;1
junit;jdbm;1
jnpserver;commons-codec;1
easymock;org.json;1
jackson;commons-math;1
commons-beanutils;dozer;1
commons-cli;qdox;1
axis;junit;1
jbossjts;xmlParserAPIs;1
poi;commons-lang;1
javassist;org.eclipse;1
aspectjweaver;junit;1
commons-collections;jsoup;1
piccolo2d;httpclient;1
xerces;isorelax;1
commons-digester;jgss;1
poi;mysql-connector-java;1
timingframework;logback;1
findbugs;slf4j;1
slf4j;findbugs;1
jdom;bouncycastle;1
standard;aether-connector;1
testng;javassist;1
ant;tomcat;1
oro;jackson;1
commons-logging;guice;1
mockito;jetty-mortbay;1
jetty-mortbay;mockito;1
log4j;xpp3;1
junit-addons;android;1
org.eclipse.jdt.core;ecore;1
webwork;xmlrpc;1
martyr;eventbus;1
mysql-connector-java;bukkit-permissions;1
testng;amqp-client;1
lucene;commons-httpclient;1
commons-httpclient;lucene;1
grizzly;httpclient;1
parboiled;slf4j;1
pircbot;TableLayout;1
guava;hibernate;1
commons-beanutils;commons-lang;1
antlr;commons-validator;1
org.eclipse.swt;junit-addons;1
commons-logging;apache-wink;1
fastutil;junit;1
nekohtml;commons-collections;1
appframework;httpclient;1
javolution;unitils;1
ant;weka;1
httpunit;guice;1
log4j;jedis;1
AppleJavaExtensions;xmlParserAPIs;1
spring;org.restlet;1
xwork-core;guava;1
jettison;commons-el;1
xmlParserAPIs;commons-compress;1
avalon;xml-resolver;1
js;hamcrest;1
db4o;bouncycastle;1
xerces;xstream;1
jaxen;shared-ldap;1
classworlds;commons-io;1
junit;logback;1
abdera;htmlunit;1
derby;ical4j;1
openejb;mockito;1
martyr;bouncycastle;1
hsqldb;commons-lang;1
multithreadedtc;hamcrest;1
jacorb;bsh;1
pax;tinybundles;1
json-lib;commons-logging;1
jetty-mortbay;backport-util-concurrent;1
commons-net;commons-logging;1
xmlParserAPIs;json-lib;1
json-lib;xmlParserAPIs;1
lwjgl;protobuf-java;1
mckoi;mysql-connector-java;1
commons-codec;amqp-client;1
hsqldb;cometd;1
jasypt;xmlParserAPIs;1
jcouchdb;play;1
opencsv;joda-time;1
commons-lang;cuke4duke;1
commons-logging;itext;1
solder;deltaspike;1
testng;jdom;1
httpclient;commons-io;1
jug;hibernate;1
commons-logging;bndlib;1
filters;commons-codec;1
xwork-core;ant;1
xdoclet;jgss;1
bcel;plexus;1
jsch;jetty-mortbay;1
hibernate;commons-lang;1
jfreechart;lambdaj;1
plexus;jcommander;1
log4j;aether-connector;1
avalon;itext;1
xerces;groovy;1
log4j;akka-actor;1
jorbis;xmlParserAPIs;1
async-http-client;guava;1
jxl;jackson;1
java-getopt;commons-lang;1
log4j;jcip-annotations;1
org.json;lambdaj;1
opencsv;equalsverifier;1
htmlcompressor;c3p0;1
htmlcompressor;junit;1
avalon;jmock;1
apache-mina;cal10n-api;1
castor;org.json;1
postgresql;jmock;1
scale7-core;mockito;1
struts;struts2;1
derby;jmock;1
commons-lang;commons-codec;1
maven;junit;1
commons-codec;commons-lang;1
postgresql;log4j;1
org.eclipse.jface;junit-addons;1
xmlParserAPIs;metadata-extractor;1
commons-httpclient;swingx;1
commons-pool;commons-codec;1
db4o;maven;1
pluto;apache-myfaces;1
xom;httpclient;1
bcel;pax;1
maven;hamcrest;1
snakeyaml;junit;1
log4j;shrinkwrap;1
activemq-ra;commons-beanutils;1
backport-util-concurrent;guice;1
log4j;wicket;1
slf4j;nekohtml;1
joda-time;xmlParserAPIs;1
hsqldb;jmock;1
xmltooling;commons-httpclient;1
log4j;netty;1
jacorb;imgscalr-lib;1
axis;hibernate;1
slf4j;itext;1
je;commons-lang;1
jmock;asm;1
swing-layout;mockito;1
quartz;shared-cursor;1
org.restlet;xstream;1
commons-pool;AppleJavaExtensions;1
commons-io;doxia;1
commons-lang;jung;1
appframework;junit;1
commons-collections;android;1
jbullet;jacorb;1
jacorb;jbullet;1
mysql-connector-java;icu4j;1
jython;resteasy;1
xalan;jcifs;1
commons-math;args4j;1
args4j;commons-math;1
oro;ehcache;1
jline;stringtemplate;1
spring;easymock;1
org.eclipse;jettison;1
pdfbox;itext;1
hsqldb;tapestry;1
stringtemplate;slf4j;1
jline;commons-codec;1
aopalliance;org.restlet;1
dumbster;subethasmtp;1
voldemort;xmlParserAPIs;1
commons-collections;jaxen;1
commons-math;commons-io;1
jasper;groovy;1
mockobjects;log4j;1
jfreechart;hamcrest;1
jasperreports;xmlParserAPIs;1
shared-i18n;jgss;1
fastutil;stanford-corenlp;1
commons-io;Permissions;1
dom4j;cal10n-api;1
aspectjweaver;osgi;1
hsqldb;antlr;1
hsqldb;appengine;1
reflections;httpcore;1
xmlParserAPIs;xstream;1
commons-cli;javassist;1
ant;hk2;1
webmacro;jlayer;1
solder;gson;1
org.eclipse.jdt.core;guice;1
tapestry;log4j;1
appengine;org.restlet;1
jruby;gstreamer-java;1
h2;je;1
jcifs;xerces;1
commons-el;juli;1
antlr;shrinkwrap;1
akka-actor;amqp-client;1
je;ch-sevenzip;1
json-simple;jettison;1
jcifs;jgss;1
ant;jboss;1
jetty-mortbay;easymock;1
easymock;jetty-mortbay;1
avalon;jython;1
xmlParserAPIs;commons-fileupload;1
org.eclipse.swt;freemarker;1
seam;jackrabbit;1
mockito;scribe;1
log4j;dbunit;1
mysql-connector-java;fitnesse;1
commons-collections;antlr;1
reflections;hamcrest;1
saxon;derby;1
snakeyaml;mockito;1
lite;hsqldb;1
commons-collections;mahout;1
jaxme;shared-ldap;1
commons-io;commons-lang;1
commons-lang;h2;1
h2;commons-lang;1
hsqldb;ant;1
commons-logging;apache-felix;1
jsecurity;junit;1
junit;jsecurity;1
hibernate;backport-util-concurrent;1
commons-lang;htmlunit;1
commons-httpclient;jackson;1
puretls;concurrent;1
commons-codec;unboundid-ldapsdk;1
commons-pool;tdb;1
commons-configuration;lucene;1
mvel2;opencsv;1
akka-actor;args4j;1
freemarker;org.restlet;1
apache-cocoon;junit;1
guice;tapestry;1
logkit;jacorb;1
concurrent;mockito;1
log4j;scala;1
log4j;pax;1
tritonus_share;jaudiotagger;1
webwork;groovy;1
commons-logging;selenium;1
httpcore;ehcache;1
db4o;commons-fileupload;1
relaxngDatatype;hamcrest;1
httpclient;guice;1
jaxb-xjc;hamcrest;1
commons-lang;commons-validator;1
poi;slf4j;1
mysql-connector-java;commons-httpclient;1
mysql-connector-java;jcommon;1
xmlParserAPIs;jide-oss;1
ch-sevenzip;lwjgl;1
commons-logging;jmock;1
asm;guava;1
swingx;poi;1
testng;mongo-java-driver;1
xmltooling;commons-codec;1
org.json;jsoup;1
scannotation;yuicompressor;1
appengine;gson;1
hibernate;groovy;1
swingx;scala;1
jboss;json-lib;1
appengine;objectify;1
commons-configuration;commons-beanutils;1
zookeeper;snakeyaml;1
oro;AppleJavaExtensions;1
asm;h2;1
appengine;commons-io;1
groovy;scala;1
mockobjects;commons-httpclient;1
hazelcast;dbunit;1
bouncycastle;base64;1
commons-codec;gson;1
serializer;httpclient;1
libreadline-java;jline;1
jcifs;xml-resolver;1
xmlrpc;xalan;1
serializer;junit-addons;1
jettison;commons-lang;1
commons-lang;jettison;1
h2;joda-time;1
easymock;nekohtml;1
activemq-ra;apache-felix;1
xmlParserAPIs;wrapper;1
db4o;gwt-google;1
jgroups;tomcat;1
oro;ant;1
pig;jug;1
jackson;gson;1
ognl;commons-compress;1
jline;ecore;1
jericho-html;jaudiotagger;1
htmlparser;commons-io;1
joda-time;httpclient;1
js;hibernate;1
jdom;groovy;1
lucene;commons-lang;1
Permissions;mysql-connector-java;1
avalon;javacc;1
jogl.all;eventbus;1
commons-net;xmlParserAPIs;1
commons-cli;lombok;1
jsch;liquibase;1
jflex;maven;1
commons-cli;mockito;1
hamcrest;liquibase;1
hibernate;commons-logging;1
morphia;reflectasm;1
log4j;guice;1
xstream;guava;1
org.eclipse.jface;gson;1
freemarker;httpclient;1
continuous-testing-toolkit;commons-codec;1
mysql-connector-java;josql;1
rxtx;commons-math;1
easymock;hamcrest;1
backport-util-concurrent;hsqldb;1
hsqldb;backport-util-concurrent;1
xmlrpc;jackson;1
org.eclipse;guice;1
activemq-ra;js;1
slf4j;relaxngDatatype;1
jbullet;xmlParserAPIs;1
xom;slf4j;1
groovy;commons-configuration;1
velocity;mockito;1
xmlParserAPIs;guava;1
commons-lang;testng;1
xom;xmlbeans;1
httpclient;twitter4j;1
commons-codec;xmlParserAPIs;1
commons-httpclient;joda-time;1
mockito;log4j;1
commons-codec;xerces;1
swing-layout;jcommon;1
commons-io;scannotation;1
hbase;guava;1
scannotation;httpclient;1
reflections;xstream;1
backport-util-concurrent;bval;1
commons-cli;jgss;1
stringtemplate;colt;1
scannotation;httpcore;1
jsyntaxpane;swingx;1
stanford-corenlp;opennlp;1
metadata-extractor;h2;1
commons-dbcp;commons-dbutils;1
commons-lang;jcommander;1
junit;hibernate;1
hibernate;junit;1
commons-lang;mysql-connector-java;1
jsch;hsqldb;1
poi;joda-time;1
org.restlet;commons-configuration;1
standard;ant;1
commons-logging;jgss;1
hibernate;xstream;1
commons-logging;fontbox;1
bouncycastle;slf4j;1
joda-time;bson;1
mysql-connector-java;struts;1
gf-embedded-api;abdera;1
jcommon;commons-collections;1
commons-beanutils;osgi;1
commons-logging;httpcore;1
gson;commons-io;1
commons-httpclient;commons-el;1
xmlrpc;ant;1
commons-logging;tinybundles;1
jetty-mortbay;aws-java-sdk;1
jaxen;gson;1
hibernate;h2;1
netty;commons-logging;1
shared-asn1;apacheds;1
commons-net;logback;1
jetty-mortbay;mime-util;1
velocity;commons-lang;1
commons-beanutils;libthrift;1
db4o;osgi;1
xmlParserAPIs;commons-httpclient;1
commons-httpclient;xmlParserAPIs;1
guava;logback;1
bval;mongo-java-driver;1
pircbot;logback;1
commons-vfs;juniversalchardet;1
openjpa;commons-io;1
args4j;jackson;1
groovy;commons-compress;1
junit;swing-layout;1
velocity;guice;1
jdom;icefaces;1
guava;resteasy;1
swingx;jcommon;1
scannotation;android;1
ajax4jsf;aspectjweaver;1
backport-util-concurrent;gson;1
dom4j;rsyntaxtextarea;1
antlr;tomcat;1
mirror;commons-beanutils;1
rxtx;lambdaj;1
ant;commons-compress;1
xmlParserAPIs;jwebunit;1
flatpack;ehcache;1
asm;ehcache;1
ehcache;asm;1
avalon;js;1
jackrabbit;junit;1
commons-logging;cxf;1
struts;geronimo;1
commons-io;resteasy;1
jxl;freemarker;1
jwnl;xmlParserAPIs;1
avro;hadoop;1
struts2;aether-connector;1
junit;rxtx;1
commons-pool;h2;1
jetty-mortbay;jopt-simple;1
jwebunit;htmlparser;1
jxlayer;sanselan;1
org.eclipse;jackson;1
js;jacorb;1
commons-lang;commons-cli;1
backport-util-concurrent;wicket;1
commons-httpclient;hsqldb;1
hsqldb;commons-httpclient;1
httpasyncclient;aspectjweaver;1
commons-fileupload;json-rpc;1
xmlParserAPIs;IntelliJIdea;1
commons-pool;tomcat;1
aether-connector;http-client-experimental;1
commons-collections;httpclient;1
hibernate;collections-generic;1
clhm-production;hadoop;1
poi;lucene;1
postgresql;commons-logging;1
commons-io;javassist;1
Permissions;minecraft-server;1
minecraft-server;Permissions;1
spring;guava;1
aopalliance;commons-beanutils;1
urlrewrite;relaxngDatatype;1
jetty-mortbay;jackrabbit;1
poi;icefaces;1
mockobjects;jmock;1
logkit;commons-logging;1
derby;sqlite-jdbc;1
commons-logging;oval;1
jericho-html;jcifs;1
js;aether-connector;1
httpasyncclient;commons-lang;1
jmockit;log4j;1
appframework;jacorb;1
mockito;guava;1
scannotation;org.eclipse.swt;1
postgresql;derby;1
shared-ldif;apache-felix;1
commons-jexl;jdbm;1
commons-validator;javassist;1
hamcrest;mockito;1
org.json;libthrift;1
jruby;commons-io;1
xdoclet;commons-logging;1
tomcat;commons-fileupload;1
joda-time;hsqldb;1
xom;guava;1
jsch;commons-beanutils;1
commons-codec;gwt-google;1
activemq-ra;gwt-google;1
commons-httpclient;spring;1
amqp-client;elasticsearch;1
base64;commons-collections;1
log4j;powermock;1
commons-email;gson;1
jgroups;spring;1
jmeter;jcip-annotations;1
xdoclet;jython;1
xwork-core;commons-compress;1
cucumber;commons-beanutils;1
log4j;selenium;1
opencsv;selenium;1
ant;requestfactory;1
org.json;TableLayout;1
swingx;ehcache;1
dbunit;commons-io;1
commons-logging;commons-email;1
openjpa;apache-tika;1
antlr;jdom;1
jericho-html;xmlParserAPIs;1
commons-io;testng;1
dnsjava;luna-dummy;1
ant;hawtbuf;1
ganymed-ssh;wicket;1
commons-pool;groovy;1
jxl;xsd;1
commons-io;jcommander;1
com.noelios.restlet;org.wikimodel.wem;1
objenesis;mockito;1
selenium;aspectjweaver;1
antlr;sip-servlets;1
json-simple;commons-io;1
commons-cli;hadoop-hive;1
easymock;icefaces;1
commons-cli;commons-io;1
jorbis;jacorb;1
android;slf4j;1
akka-actor;morphia;1
hibernate;gstreamer-java;1
xdoclet;bsf;1
hsqldb;mysql-connector-java;1
org.restlet;json-lib;1
xmlParserAPIs;jython;1
easymock;htmlparser;1
jetty-mortbay;experimental;1
commons-httpclient;guice;1
guice;commons-httpclient;1
vaadin;httpclient;1
scannotation;xom;1
mysql-connector-java;wicket;1
tomcat;mongo-java-driver;1
commons-io;maven;1
serializer;httpunit;1
jfreechart;velocity;1
jaxme;gson;1
jboss;org.wikimodel.wem;1
org.wikimodel.wem;jboss;1
log4j;commons-compress;1
jorbis;colt;1
junit;groovy;1
groovy;junit;1
lwjgl;guava;1
mongo-java-driver;scala;1
slf4j;selenium;1
jetty-mortbay;selenium;1
httpcore;log4j;1
htmlunit;commons-cli;1
saxon;postgresql;1
scala;colt;1
jdom;abdera;1
spring;tomcat;1
signpost;xpp3;1
svnkit;liquibase;1
zweb;commons-math;1
xerces;mockobjects;1
apache-felix;mockito;1
swing-layout;commons-collections;1
org.json;json-smart;1
aspectjweaver;wicket;1
pluto;jmock;1
jdom;mockito;1
commons-io;libvirt;1
bcel;slf4j;1
AppleJavaExtensions;slick;1
scannotation;icu4j;1
httpcore;jedis;1
jetty-mortbay;lucene;1
commons-logging;acegi-security;1
mvel2;xmlParserAPIs;1
commons-beanutils;joda-time;1
colt;velocity;1
archetype-common;jetty-client;1
easymock;httpclient;1
dom4j;seam;1
testng;android;1
commons-logging;org.eclipse.swt;1
js;maven-webdav;1
opencsv;mysql-connector-java;1
jboss;commons-codec;1
http-builder;signpost;1
json-lib;jmock;1
testng;grizzly;1
tapestry;gxt;1
commons-lang;esapi;1
httpcore;commons-httpclient;1
commons-logging;jackson;1
builder;guice;1
avalon;jgss;1
commons-dbcp;xmlParserAPIs;1
seam;jboss;1
slf4j;ebean;1
mongo-java-driver;jung;1
concurrent;velocity;1
groovy;akka-actor;1
fop;jtds;1
gunit;velocity;1
hibernate;slf4j;1
jgrapht;swingx;1
AppleJavaExtensions;izpack-standalone-compiler;1
colt;spring;1
slf4j;commons-codec;1
jfreechart;commons-codec;1
appengine;commons-lang;1
jbehave;commons-net;1
log4j;mysql-connector-java;1
jxlayer;jpf;1
hibernate;ant;1
ant;hibernate;1
jcip-annotations;hamcrest;1
colt;applejavaextensions;1
acegi-security;freemarker;1
scale7-core;jetty-mortbay;1
xstream;commons-compress;1
hibernate;mongo-java-driver;1
pig;mx4j;1
snakeyaml;commons-math;1
backport-util-concurrent;xml-resolver;1
bcel;commons-logging;1
log4j;javassist;1
eclipselink;mockito;1
lucene;hadoop;1
aspectjweaver;freemarker;1
jboss;mvel2;1
xdoclet;js;1
bsh;jboss;1
richfaces;aspectjweaver;1
itext;maven;1
mysql-connector-java;PermissionsEx;1
testng;xdocreport;1
org.eclipse.swt;javassist;1
javassist;org.eclipse.swt;1
pdfbox;jdom;1
jamon;aspectjweaver;1
javassist;backport-util-concurrent;1
c3p0;h2;1
shared-ldap;json-lib;1
gwt-google;jython;1
velocity;org.json;1
jcommon;commons-beanutils;1
commons-beanutils;jcommon;1
stringtemplate;freemarker;1
oro;mockito;1
sqlite-jdbc;hsqldb;1
jbehave;spring;1
antlr;bouncycastle;1
jackson;org.json;1
org.json;jackson;1
pircbot;hamcrest;1
bndlib;commons-discovery;1
commons-cli;hadoop;1
org.eclipse;junit-addons;1
shared-cursor;shared-i18n;1
swing-layout;fest;1
ant;jcommander;1
commons-collections;selenium;1
resin;hamcrest;1
hawtbuf;osgi;1
hamcrest;org.eclipse.swt;1
xdoclet;jsch;1
hsqldb;groovy;1
junit;clojure;1
pcj;ant;1
hamcrest;commons-codec;1
commons-codec;hamcrest;1
jetty-mortbay;test-jetty-servlet;1
apache-wink;httpclient;1
scannotation;logback;1
eclipselink;shrinkwrap;1
dtdparser121;xmlParserAPIs;1
mysql-connector-java;axis;1
xerces;mysql-connector-java;1
jmock;java-cup;1
hsqldb;perf4j;1
junit-addons;aspectjweaver;1
org.eclipse.jdt.core;joda-time;1
log4j;bouncycastle;1
jdom;eventbus;1
bsh;weld;1
jline;jansi;1
commons-io;bouncycastle;1
commons-logging;gxt;1
antlr;arquillian;1
junit;mx4j;1
tapestry;gwt-google;1
commons-lang;findbugs;1
xom;wicket;1
hsqldb;logback;1
lucene;org.json;1
log4j;jackrabbit;1
swing-layout;miglayout;1
args4j;testng;1
eclipselink;mysql-connector-java;1
httpasyncclient;xml-resolver;1
commons-net;jlayer;1
xstream;pax;1
wro4j;jcommander;1
log4j;org.eclipse.jface;1
jetty-mortbay;httpunit;1
struts2;commons-io;1
log4j;jsoup;1
avalon;commons-io;1
poi;struts2;1
quartz;synthetica;1
openjpa;guava;1
bsh;lucene;1
classworlds;org.eclipse.jgit;1
jmock;spring;1
mockobjects;commons-codec;1
xom;json-path;1
AppleJavaExtensions;scala;1
spring;httpmime;1
js;commons-configuration;1
xmlParserAPIs;logback;1
groovy;maven;1
eclipselink;hamcrest;1
pax;http-client-experimental;1
standard;pax;1
scannotation;slf4j;1
commons-beanutils;apache-tika;1
commons-collections;guava;1
jcommander;guava;1
slf4j;jedis;1
xmemcached;ehcache;1
httpasyncclient;shared-ldap;1
commons-codec;ant;1
jcommon;jetty-mortbay;1
dbunit;flatpack;1
maven;jetty-client;1
junit;trove4j;1
axis;httpclient;1
derby;h2;1
h2;derby;1
log4j;exoplatform;1
pcj;mahout;1
postgresql;hibernate;1
scannotation;commons-lang;1
mysql-connector-java;jackson;1
applejavaextensions;ant;1
jnpserver;quartz;1
commons-lang;xmlParserAPIs;1
commons-jelly;org.eclipse.jface;1
mx4j;quartz;1
xmlParserAPIs;plexus;1
junit;protobuf-java;1
commons-lang;nekohtml;1
hsqldb;commons-logging;1
htmlcompressor;spring;1
junit;jinput;1
log4j;org.eclipse.swt;1
hamcrest;juel;1
jbehave;hibernate;1
rxtx;hamcrest;1
backport-util-concurrent;httpclient;1
commons-jexl;jline;1
hsqldb;velocity;1
swingx;cglib;1
querydsl;js;1
tomcat;freemarker;1
org.eclipse.jdt.core;jxl;1
postgresql;json-simple;1
jbehave;junit;1
js;groovy;1
xerces;tagsoup;1
odfdom-java;xdocreport;1
javolution;stringtemplate;1
gwt-google;httpclient;1
commons-net;xpp3;1
jdom;commons-email;1
commons-lang;unitils;1
eclipselink;slf4j;1
slf4j;eclipselink;1
hsqldb;spymemcached;1
commons-cli;junit;1
junit;commons-cli;1
jtds;postgresql;1
mckoi;slf4j;1
commons-pool;javolution;1
tomcat;openjpa;1
commons-cli;xmlgraphics-commons;1
twitter4j;junit;1
poi;icu4j;1
axis2;junit;1
jaxb2-basics-runtime;hsqldb;1
commons-logging;gwt-google;1
jfreechart;commons-beanutils;1
dom4j;aws-java-sdk;1
guava;amqp-client;1
jmock;weld;1
guava;icu4j;1
concurrent;janino;1
slf4j;appengine;1
appengine;slf4j;1
groovy;aether-connector;1
antlr;hamcrest;1
org.restlet;commons-dbcp;1
backport-util-concurrent;file-management;1
svnkit;httpcore;1
scannotation;mongo-java-driver;1
mvel2;org.json;1
jetty-mortbay;guava;1
log4j;commons-dbcp;1
log4j;commons-beanutils;1
abdera;js;1
dom4j;log4j;1
commons-beanutils;orika;1
xwork-core;pax;1
commons-httpclient;xerces;1
swingx;spring;1
odfdom-java;apache-tika;1
scala;collections-generic;1
hamcrest;sanselan;1
appengine;jts;1
applejavaextensions;jasperreports;1
dwr;struts2;1
lite;liquibase;1
bsh;jgoodies;1
ivy;hibernate;1
pig;snakeyaml;1
async-http-client;aether-connector;1
itext;derby;1
json-simple;org.json;1
org.json;json-simple;1
commons-dbcp;freemarker;1
scannotation;antlr;1
jetty-mortbay;commons-cli;1
poi;AppleJavaExtensions;1
concurrent;args4j;1
commons-cli;osgi;1
opencsv;shrinkwrap;1
commons-collections;aspectjweaver;1
substance;flyway;1
akka-actor;apache-karaf;1
testng;jackson;1
commons-configuration;swing-worker;1
openejb;h2;1
commons-httpclient;jasypt;1
concurrent;activemq-ra;1
bson;testng;1
lucene;xmlParserAPIs;1
hamcrest;aws-java-sdk;1
joda-time;android;1
xstream;AppleJavaExtensions;1
jbossjts;httpclient;1
commons-lang;jfreechart;1
pax;slf4j;1
commons-httpclient;commons-math;1
testng;mockito;1
xmlParserAPIs;tomcat;1
hamcrest;functionaljava;1
freemarker;httpcore;1
commons-beanutils;hibernate;1
jwebunit;log4j;1
je;perf4j;1
aopalliance;struts2;1
commons-httpclient;jsyntaxpane;1
xmlParserAPIs;org.eclipse;1
commons-httpclient;aspectjweaver;1
hibernate;solder;1
axis2;commons-collections;1
appframework;hsqldb;1
ognl;subethasmtp;1
httpcore;slf4j;1
js;maven;1
commons-beanutils;guice;1
commons-collections;freemarker;1
clhm-production;concurrentlinkedhashmap-lru;1
zookeeper;mx4j;1
js;scala;1
jaxme;commons-io;1
hsqldb;itext;1
log4j;jaxen;1
activemq-ra;mysql-connector-java;1
log4j;commons-configuration;1
args4j;hamcrest;1
jaxb-xjc;selenium;1
trove4j;lucene;1
jacorb;xmlParserAPIs;1
xstream;mysql-connector-java;1
oro;inflector;1
lucene;slf4j;1
slf4j;lucene;1
grizzly;httpcore;1
asm;AppleJavaExtensions;1
xmlenc;org.json;1
commons-io;mongo-java-driver;1
org.restlet;jts;1
wicket;tapestry;1
quartz;json-lib;1
commons-pool;commons-math;1
jetty-mortbay;htmlparser;1
aspectjweaver;apache-camel;1
mvel2;mockito;1
activemq-ra;jsch;1
fop;xerces;1
guice;groovy;1
commons-lang;tapestry;1
openide-lookup;abdera;1
ant;mysql-connector-java;1
httpcore;guice;1
applejavaextensions;jfreechart;1
jfreechart;applejavaextensions;1
poi;jtds;1
classworlds;resteasy;1
ajax4jsf;org.wikimodel.wem;1
commons-lang;ant;1
juli;mongo-java-driver;1
nailgun;glassfish;1
apache-mina;jackson;1
axis;commons-io;1
